name,team,position,games_played,minutes_per_game,points,rebounds,assists,steals,blocks,field_goal_pct,three_point_pct,free_throw_pct,fantasy_value,fantasy_rank,player_id,draft_status,draft_price,draft_team
Nikola Jokić,DEN,C,70.0,36.7,29.6,12.7,10.2,1.8,0.6,0.576,0.417,0.8,84.83366666666666,1,570110,available,0,
Shai Gilgeous-Alexander,OKC,PG,76.0,34.2,32.7,5.0,6.4,1.7,1.0,0.519,0.375,0.898,67.1616,2,510553,available,0,
Domantas Sabonis,SAC,C,70.0,34.7,19.1,13.9,6.0,0.7,0.4,0.59,0.417,0.754,64.64346666666665,3,175421,available,0,
Giannis Antetokounmpo,MIL,PF,67.0,34.2,30.4,11.9,6.5,0.9,1.2,0.601,0.222,0.617,62.50840000000001,4,273493,available,0,
Karl-Anthony Towns,NYK,C,72.0,35.0,24.4,12.8,3.1,1.0,0.7,0.526,0.42,0.829,61.55,5,255839,available,0,
Victor Wembanyama,SAS,C,46.0,33.2,24.3,11.0,3.7,1.1,3.8,0.476,0.352,0.836,60.10719999999999,6,949091,available,0,
Kevin Durant,PHX,PF,62.0,36.5,26.6,6.0,4.2,0.8,1.2,0.527,0.43,0.839,59.75099999999999,7,762404,available,0,
Anthony Davis,DAL,C,42.0,34.3,25.7,11.9,3.4,1.3,2.1,0.528,0.298,0.788,58.92723333333334,8,150472,available,0,
LeBron James,LAL,SF,70.0,34.9,24.4,7.8,8.2,1.0,0.6,0.513,0.376,0.782,57.153633333333325,9,555195,available,0,
Luka Dončić,LAL,PG,22.0,35.7,28.1,8.3,7.8,2.0,0.4,0.464,0.354,0.767,55.72240000000001,10,87647,available,0,
Anthony Davis,DAL,C,51.0,33.5,24.7,11.6,3.5,1.2,2.2,0.516,0.282,0.775,54.96333333333334,11,150472,available,0,
Cade Cunningham,DET,PG,70.0,35.0,26.1,6.1,9.1,1.0,0.8,0.469,0.356,0.846,54.72166666666666,12,335052,available,0,
Luka Dončić,LAL,PG,50.0,35.4,28.2,8.2,7.7,1.8,0.4,0.45,0.368,0.782,54.6678,13,87647,available,0,
Luka Dončić,LAL,PG,28.0,35.1,28.2,8.1,7.5,1.6,0.4,0.438,0.379,0.791,53.2161,14,87647,available,0,
Kyrie Irving,DAL,SG,50.0,36.1,24.7,4.8,4.6,1.3,0.5,0.473,0.401,0.916,50.79826666666666,15,655458,available,0,
Zach LaVine,SAC,SF,42.0,34.1,24.0,4.8,4.5,0.9,0.2,0.511,0.446,0.797,50.22186666666668,16,174831,available,0,
Kai Jones,DAL,C,12.0,21.7,11.4,6.6,1.3,0.8,0.8,0.836,0.333,0.7,50.01233333333332,17,622179,available,0,
Evan Mobley,CLE,PF,71.0,30.5,18.5,9.3,3.2,0.9,1.6,0.557,0.37,0.725,49.890000000000015,18,136578,available,0,
Nikola Vučević,CHI,C,73.0,31.2,18.5,10.1,3.5,0.8,0.7,0.53,0.402,0.805,49.834,19,278742,available,0,
Zach LaVine,SAC,SG,74.0,35.2,23.3,4.3,4.2,0.8,0.2,0.511,0.446,0.825,49.49333333333334,20,174831,available,0,
Jayson Tatum,BOS,PF,72.0,36.4,26.8,8.7,6.0,1.1,0.5,0.452,0.343,0.814,49.3656,21,780186,available,0,
Damian Lillard,MIL,PG,58.0,36.1,24.9,4.7,7.1,1.2,0.2,0.448,0.376,0.921,49.096266666666665,22,28616,available,0,
Jakob Poeltl,TOR,C,57.0,29.6,14.5,9.6,2.8,1.2,1.2,0.627,0.333,0.674,48.68773333333334,23,330793,available,0,
Jalen Brunson,NYK,PG,65.0,35.4,26.0,2.9,7.3,0.9,0.1,0.488,0.383,0.821,48.6574,24,445728,available,0,
Zach LaVine,SAC,SG,32.0,36.6,22.4,3.5,3.8,0.6,0.1,0.511,0.446,0.874,48.393399999999986,25,174831,available,0,
Anthony Edwards,MIN,SG,79.0,36.3,27.6,5.7,4.5,1.2,0.6,0.447,0.395,0.837,48.2961,26,498183,available,0,
Stephen Curry,GSW,PG,70.0,32.2,24.5,4.4,6.0,1.1,0.4,0.448,0.397,0.933,48.09926666666667,27,174416,available,0,
John Collins,UTA,PF,40.0,30.5,19.0,8.2,2.0,1.0,1.0,0.527,0.399,0.848,47.94566666666666,28,377094,available,0,
Tyrese Haliburton,IND,PG,73.0,33.6,18.6,3.5,9.2,1.4,0.7,0.473,0.388,0.851,47.46959999999999,29,167699,available,0,
Jamal Murray,DEN,PG,67.0,36.1,21.4,3.9,6.0,1.4,0.5,0.474,0.393,0.886,47.37426666666666,30,767019,available,0,
Zion Williamson,NOP,PF,30.0,28.6,24.6,7.2,5.3,1.2,0.9,0.567,0.231,0.656,47.28026666666667,31,223737,available,0,
Christian Braun,DEN,SG,79.0,33.9,15.4,5.2,2.6,1.1,0.5,0.58,0.397,0.827,46.73629999999999,32,639900,available,0,
Tyler Herro,MIA,SG,77.0,35.4,23.9,5.2,5.5,0.9,0.2,0.472,0.375,0.878,46.5752,33,159360,available,0,
Kawhi Leonard,LAC,SF,37.0,31.9,21.5,5.9,3.1,1.6,0.5,0.498,0.411,0.81,46.44166666666667,34,454057,available,0,
Desmond Bane,ORL,SG,69.0,32.0,19.2,6.1,5.3,1.2,0.4,0.484,0.392,0.894,46.38466666666666,35,384637,available,0,
Devin Booker,PHX,SG,75.0,37.3,25.6,4.1,7.1,0.9,0.2,0.461,0.332,0.894,46.17336666666667,36,419530,available,0,
Jalen Johnson,ATL,SF,36.0,35.7,18.9,10.0,5.0,1.6,1.0,0.5,0.312,0.746,45.9977,37,398565,available,0,
De'Aaron Fox,SAS,PG,45.0,37.0,25.0,5.0,6.1,1.5,0.4,0.469,0.322,0.829,45.50466666666666,38,524842,available,0,
James Harden,LAC,PG,79.0,35.3,22.8,5.8,8.7,1.5,0.7,0.41,0.352,0.874,45.491699999999994,39,221292,available,0,
Josh Hart,NYK,SG,77.0,37.6,13.6,9.6,5.9,1.5,0.4,0.525,0.333,0.776,45.034266666666674,40,538566,available,0,
Trae Young,ATL,PG,76.0,36.0,24.2,3.1,11.6,1.2,0.2,0.411,0.34,0.875,44.959999999999994,41,736750,available,0,
Jalen Williams,OKC,SG,69.0,32.4,21.6,5.3,5.1,1.6,0.7,0.484,0.365,0.789,44.85359999999999,42,943353,available,0,
Tyrese Maxey,PHI,PG,52.0,37.7,26.3,3.3,6.1,1.8,0.4,0.437,0.337,0.879,44.4643,43,422239,available,0,
Brandon Ingram,TOR,SF,18.0,33.1,22.2,5.6,5.2,0.9,0.6,0.465,0.374,0.855,44.199,44,490974,available,0,
Tre Jones,CHI,PG,18.0,25.3,11.5,3.2,4.9,1.1,0.3,0.572,0.5,0.882,44.18676666666666,45,27920,available,0,
Darius Garland,CLE,PG,75.0,30.7,20.6,2.9,6.7,1.2,0.1,0.472,0.401,0.878,43.59693333333333,46,274388,available,0,
Pascal Siakam,IND,PF,78.0,32.7,20.2,6.9,3.4,0.9,0.5,0.519,0.389,0.734,43.4698,47,32779,available,0,
Bam Adebayo,MIA,C,78.0,34.3,18.1,9.6,4.3,1.3,0.7,0.485,0.357,0.765,43.38483333333333,48,802500,available,0,
Jimmy Butler,GSW,PF,25.0,30.6,17.0,5.2,4.8,1.1,0.4,0.54,0.361,0.801,43.0286,49,95470,available,0,
Joel Embiid,PHI,C,19.0,30.2,23.8,8.2,4.5,0.7,0.9,0.444,0.299,0.882,42.834399999999995,50,626471,available,0,
Jaren Jackson Jr.,MEM,C,74.0,29.8,22.2,5.6,2.0,1.2,1.5,0.488,0.375,0.781,42.831133333333334,51,90772,available,0,
De'Aaron Fox,SAS,PG,62.0,36.1,23.5,4.8,6.3,1.5,0.4,0.463,0.31,0.827,42.55686666666666,52,524842,available,0,
Kristaps Porziņģis,BOS,C,42.0,28.8,19.5,6.8,2.1,0.7,1.5,0.483,0.412,0.809,42.2292,53,887340,available,0,
Franz Wagner,ORL,SF,60.0,33.7,24.2,5.7,4.7,1.3,0.4,0.463,0.295,0.871,42.10036666666667,54,1375,available,0,
Austin Reaves,LAL,SG,73.0,34.9,20.2,4.5,5.8,1.1,0.3,0.46,0.377,0.877,42.00163333333333,55,977650,available,0,
Josh Giddey,CHI,PG,70.0,30.2,14.6,8.1,7.2,1.2,0.6,0.465,0.378,0.781,41.20453333333334,56,707477,available,0,
Ja Morant,MEM,PG,50.0,30.4,23.2,4.1,7.3,1.2,0.2,0.454,0.309,0.824,40.65559999999999,57,229832,available,0,
LaMelo Ball,CHA,PG,47.0,32.0,25.2,4.9,7.4,1.1,0.3,0.405,0.339,0.843,40.60933333333333,58,544629,available,0,
Donovan Mitchell,CLE,SG,71.0,31.4,24.0,4.5,5.0,1.3,0.2,0.443,0.368,0.823,40.604533333333336,59,640094,available,0,
Quentin Grimes,PHI,SG,28.0,33.7,21.9,5.2,4.5,1.5,0.4,0.469,0.373,0.752,40.54506666666666,60,938797,available,0,
Paolo Banchero,ORL,PF,46.0,34.4,25.9,7.5,4.8,0.8,0.6,0.452,0.32,0.727,40.40613333333332,61,5135,available,0,
Jimmy Butler,GSW,SF,55.0,31.7,17.5,5.4,5.4,1.4,0.3,0.504,0.308,0.842,40.25489999999999,62,95470,available,0,
Trey Murphy III,NOP,SF,53.0,35.0,21.2,5.1,3.5,1.1,0.7,0.454,0.361,0.887,40.19833333333333,63,644009,available,0,
Onyeka Okongwu,ATL,C,74.0,27.9,13.4,8.9,2.3,0.9,0.9,0.567,0.324,0.759,39.923599999999986,64,542882,available,0,
Walker Kessler,UTA,C,58.0,30.0,11.1,12.2,1.7,0.6,2.4,0.663,0.176,0.52,39.84,65,982324,available,0,
Amen Thompson,HOU,SF,69.0,32.2,14.1,8.2,3.8,1.4,1.3,0.557,0.275,0.684,39.693466666666666,66,111831,available,0,
Dennis Schröder,DET,PG,23.0,33.6,18.4,3.0,6.6,1.1,0.2,0.452,0.387,0.889,39.23839999999999,67,293704,available,0,
DeMar DeRozan,SAC,SF,77.0,35.9,22.2,3.9,4.4,0.8,0.4,0.477,0.328,0.857,39.066466666666656,68,550637,available,0,
Cameron Johnson,BKN,PF,57.0,31.6,18.8,4.3,3.4,0.9,0.4,0.475,0.39,0.893,38.9008,69,443546,available,0,
Julius Randle,MIN,PF,69.0,32.3,18.7,7.1,4.7,0.7,0.2,0.485,0.344,0.806,38.832633333333334,70,497909,available,0,
Jimmy Butler,GSW,SF,30.0,32.7,17.9,5.5,5.9,1.7,0.3,0.476,0.279,0.87,38.805,71,95470,available,0,
Norman Powell,LAC,SG,60.0,32.6,21.8,3.2,2.1,1.2,0.2,0.484,0.418,0.804,38.71673333333333,72,843594,available,0,
Michael Porter Jr.,DEN,SF,77.0,33.7,18.2,7.0,2.1,0.6,0.5,0.504,0.395,0.768,38.7116,73,703895,available,0,
Chet Holmgren,OKC,C,32.0,27.4,15.0,8.0,2.0,0.7,2.2,0.49,0.379,0.754,38.510266666666666,74,837908,available,0,
Aaron Gordon,DEN,PF,51.0,28.4,14.7,4.8,3.2,0.5,0.3,0.531,0.436,0.81,38.12066666666667,75,918858,available,0,
Alperen Şengün,HOU,C,76.0,31.5,19.1,10.3,4.9,1.1,0.8,0.496,0.233,0.692,38.06299999999999,76,695956,available,0,
Coby White,CHI,SG,74.0,33.1,20.4,3.7,4.5,0.9,0.2,0.453,0.37,0.902,37.88003333333333,77,248364,available,0,
Jaylen Brown,BOS,SF,63.0,34.3,22.2,5.8,4.5,1.2,0.3,0.463,0.324,0.764,37.2887,78,149099,available,0,
OG Anunoby,NYK,PF,74.0,36.6,18.0,4.8,2.2,1.5,0.9,0.476,0.372,0.81,37.12699999999999,79,301465,available,0,
Jarrett Allen,CLE,C,82.0,28.0,13.5,9.7,1.9,0.9,0.9,0.706,0.0,0.718,37.11399999999999,80,830404,available,0,
Deni Avdija,POR,SF,72.0,30.0,16.9,7.3,3.9,1.0,0.5,0.476,0.365,0.78,37.10999999999999,81,297425,available,0,
Myles Turner,IND,C,72.0,30.2,15.6,6.5,1.5,0.8,2.0,0.481,0.396,0.773,37.00959999999999,82,22349,available,0,
Bradley Beal,PHX,SG,53.0,32.1,17.0,3.3,3.7,1.1,0.5,0.497,0.386,0.803,36.5958,83,812876,available,0,
Scottie Barnes,TOR,PF,65.0,32.8,19.3,7.7,5.8,1.4,1.0,0.446,0.271,0.755,36.404,84,674176,available,0,
Jordan Poole,WAS,SG,68.0,29.4,20.5,3.0,4.5,1.3,0.4,0.432,0.378,0.883,36.3812,85,621511,available,0,
Mikal Bridges,NYK,SF,82.0,37.0,17.6,3.2,3.7,0.9,0.5,0.5,0.354,0.814,36.08633333333333,86,443767,available,0,
Collin Sexton,UTA,SG,63.0,27.9,18.4,2.7,4.2,0.7,0.1,0.48,0.406,0.865,36.013,87,521234,available,0,
Miles Bridges,CHA,PF,64.0,31.7,20.3,7.5,3.9,0.7,0.7,0.431,0.313,0.87,35.86300000000001,88,946215,available,0,
Brook Lopez,MIL,C,80.0,31.8,13.0,5.0,1.8,0.6,1.9,0.509,0.373,0.826,35.7508,89,814918,available,0,
Derrick White,BOS,SG,76.0,33.9,16.4,4.5,4.8,0.9,1.1,0.442,0.384,0.839,35.47459999999999,90,335164,available,0,
Ivica Zubac,LAC,C,80.0,32.8,16.8,12.6,2.7,0.7,1.1,0.628,0.0,0.661,35.334799999999994,91,874249,available,0,
Cam Thomas,BKN,SG,25.0,31.2,24.0,3.3,3.8,0.6,0.1,0.438,0.349,0.881,35.27119999999999,92,14039,available,0,
RJ Barrett,TOR,SF,58.0,32.2,21.1,6.3,5.4,0.8,0.3,0.468,0.35,0.63,34.747,93,337105,available,0,
Jalen Duren,DET,C,78.0,26.1,11.8,10.3,2.7,0.7,1.1,0.692,0.0,0.669,34.584399999999995,94,461097,available,0,
De'Aaron Fox,SAS,PG,17.0,34.0,19.7,4.3,6.8,1.5,0.3,0.446,0.274,0.819,34.476,95,524842,available,0,
Dyson Daniels,ATL,SG,76.0,33.8,14.1,5.9,4.4,3.0,0.7,0.493,0.34,0.593,34.305733333333336,96,781462,available,0,
Mark Williams,CHA,C,44.0,26.6,15.3,10.2,2.5,0.7,1.2,0.604,0.0,0.804,33.77139999999999,97,399899,available,0,
Dejounte Murray,NOP,PG,31.0,32.6,17.5,6.5,7.4,2.0,0.4,0.393,0.299,0.823,33.591800000000006,98,295471,available,0,
Rudy Gobert,MIN,C,72.0,33.2,12.0,10.9,1.8,0.8,1.4,0.669,0.0,0.674,33.24013333333334,99,333918,available,0,
Khris Middleton,WAS,SF,23.0,23.2,12.6,3.7,4.4,0.7,0.2,0.512,0.407,0.848,33.17626666666666,100,225866,available,0,
Andrew Wiggins,MIA,SF,17.0,32.1,19.0,4.2,3.3,1.2,1.0,0.458,0.36,0.731,33.00059999999999,101,287432,available,0,
Robert Williams,CHI,C,20.0,17.6,5.8,5.9,1.1,0.7,1.7,0.641,0.333,0.882,32.91186666666666,102,323689,available,0,
Paul George,PHI,PF,41.0,32.5,16.2,5.3,4.3,1.8,0.5,0.43,0.358,0.814,32.84416666666666,103,221484,available,0,
Brandon Miller,CHA,SF,27.0,34.2,21.0,4.9,3.6,1.1,0.7,0.403,0.355,0.861,32.8122,104,945427,available,0,
Jaden Ivey,DET,SG,30.0,29.9,17.6,4.1,4.0,0.9,0.4,0.46,0.409,0.733,32.70903333333333,105,458080,available,0,
Davion Mitchell,MIA,PG,30.0,31.6,10.3,2.7,5.3,1.4,0.3,0.504,0.447,0.702,32.55186666666666,106,323029,available,0,
Malik Monk,SAC,SG,65.0,31.6,17.2,3.8,5.6,0.9,0.6,0.439,0.325,0.865,32.50066666666666,107,993449,available,0,
Anfernee Simons,POR,SG,70.0,32.7,19.3,2.7,4.8,0.9,0.1,0.426,0.363,0.902,32.36939999999999,108,869647,available,0,
Deandre Ayton,POR,C,40.0,30.2,14.4,10.2,1.6,0.8,1.0,0.566,0.188,0.667,32.285733333333326,109,314492,available,0,
Tobias Harris,DET,PF,73.0,31.6,13.7,5.9,2.2,1.0,0.8,0.477,0.345,0.861,32.25026666666666,110,708507,available,0,
Bobby Portis,MIL,PF,49.0,25.4,13.9,8.4,2.1,0.7,0.5,0.466,0.365,0.836,32.23706666666667,111,909650,available,0,
Zach Edey,MEM,C,66.0,21.5,9.2,8.3,1.0,0.5,1.3,0.58,0.346,0.709,32.09433333333333,112,464279,available,0,
Jonas Valančiūnas,SAC,C,49.0,20.1,11.5,8.2,2.2,0.4,0.6,0.547,0.259,0.896,31.9146,113,373475,available,0,
Payton Pritchard,BOS,PG,80.0,28.4,14.3,3.8,3.5,0.9,0.2,0.472,0.407,0.845,31.906666666666663,114,12483,available,0,
De'Andre Hunter,CLE,SF,37.0,28.8,19.0,3.9,1.5,0.8,0.1,0.461,0.393,0.858,31.8364,115,772142,available,0,
P.J. Washington,DAL,PF,57.0,32.2,14.7,7.8,2.3,1.1,1.1,0.453,0.381,0.722,31.813066666666657,116,908074,available,0,
Aaron Nesmith,IND,SF,45.0,25.0,12.0,4.0,1.2,0.8,0.4,0.507,0.431,0.913,31.775,117,885918,available,0,
Rui Hachimura,LAL,PF,59.0,31.7,13.1,5.0,1.4,0.8,0.4,0.509,0.413,0.77,31.66833333333333,118,429261,available,0,
Ty Jerome,CLE,SG,70.0,19.9,12.5,2.5,3.4,1.1,0.0,0.516,0.439,0.872,31.568133333333336,119,817055,available,0,
CJ McCollum,NOP,PG,56.0,32.7,21.1,3.8,4.1,0.8,0.4,0.444,0.373,0.717,31.4969,120,460438,available,0,
Kevin Porter Jr.,MIL,SG,30.0,19.9,11.7,3.9,3.7,1.3,0.1,0.494,0.408,0.871,31.290733333333332,121,659242,available,0,
Immanuel Quickley,TOR,PG,33.0,27.8,17.1,3.5,5.8,0.7,0.1,0.42,0.378,0.867,31.25093333333333,122,371821,available,0,
Daniel Gafford,DAL,C,57.0,21.5,12.3,6.8,1.4,0.4,1.8,0.702,0.0,0.689,31.10933333333333,123,755900,available,0,
Jalen Green,HOU,SG,82.0,32.9,21.0,4.6,3.4,0.9,0.3,0.423,0.354,0.813,31.096533333333323,124,752135,available,0,
Kelly Olynyk,NOP,C,20.0,25.4,10.7,5.9,3.6,0.9,0.6,0.5,0.389,0.754,30.998933333333333,125,411304,available,0,
De'Andre Hunter,CLE,SF,64.0,27.2,17.0,4.0,1.4,0.8,0.2,0.47,0.405,0.846,30.961866666666666,126,772142,available,0,
Andrew Wiggins,MIA,SF,60.0,30.7,18.0,4.5,2.6,1.0,0.8,0.448,0.374,0.763,30.89893333333333,127,287432,available,0,
Andrew Wiggins,MIA,SF,43.0,30.1,17.6,4.6,2.4,0.9,0.8,0.444,0.379,0.777,30.325033333333337,128,287432,available,0,
Tari Eason,HOU,PF,57.0,24.9,12.0,6.4,1.5,1.7,0.9,0.487,0.342,0.76,30.103499999999997,129,230028,available,0,
Chris Paul,SAS,PG,82.0,28.0,8.8,3.6,7.4,1.3,0.3,0.427,0.377,0.924,30.06533333333333,130,43770,available,0,
Naz Reid,MIN,C,80.0,27.5,14.2,6.0,2.3,0.7,0.9,0.462,0.379,0.776,29.906666666666663,131,202509,available,0,
De'Andre Hunter,CLE,SF,27.0,25.0,14.3,4.2,1.3,0.7,0.3,0.485,0.426,0.821,29.52333333333333,132,772142,available,0,
Harrison Barnes,SAS,PF,82.0,27.2,12.3,3.8,1.7,0.5,0.2,0.508,0.433,0.809,29.280133333333335,133,662455,available,0,
Lauri Markkanen,UTA,PF,47.0,31.4,19.0,5.9,1.5,0.7,0.4,0.423,0.346,0.876,29.25406666666666,134,400694,available,0,
Moritz Wagner,ORL,C,30.0,18.8,12.9,4.9,1.4,0.8,0.4,0.562,0.36,0.718,29.2364,135,904443,available,0,
Jaden McDaniels,MIN,PF,82.0,31.9,12.2,5.7,2.0,1.3,0.9,0.477,0.33,0.813,29.10786666666666,136,173778,available,0,
Devin Vassell,SAS,SG,64.0,31.0,16.3,4.0,2.9,1.3,0.5,0.443,0.368,0.792,29.103666666666665,137,872359,available,0,
Jalen Suggs,ORL,PG,35.0,28.6,16.2,4.0,3.7,1.5,0.9,0.41,0.314,0.882,28.99286666666666,138,602740,available,0,
Dereck Lively II,DAL,C,36.0,23.1,8.7,7.5,2.4,0.6,1.6,0.702,0.0,0.63,28.631499999999992,139,343837,available,0,
Quentin Grimes,PHI,SG,75.0,26.8,14.6,4.3,3.0,1.0,0.3,0.467,0.385,0.757,28.6156,140,938797,available,0,
Jonas Valančiūnas,SAC,C,81.0,18.8,10.4,7.7,2.0,0.5,0.6,0.55,0.216,0.879,28.459200000000003,141,373475,available,0,
Bogdan Bogdanović,LAC,SG,30.0,25.0,11.4,3.1,3.2,0.7,0.2,0.474,0.427,0.875,28.328333333333333,142,336027,available,0,
Ayo Dosunmu,CHI,SG,46.0,30.3,12.3,3.5,4.5,0.9,0.4,0.492,0.328,0.785,28.159999999999997,143,126422,available,0,
Khris Middleton,WAS,SF,37.0,22.8,11.9,3.7,4.1,0.9,0.2,0.475,0.361,0.857,28.153599999999994,144,225866,available,0,
Jeremy Sochan,SAS,PF,54.0,25.3,11.4,6.5,2.4,0.8,0.5,0.535,0.308,0.696,28.074633333333328,145,919104,available,0,
Bennedict Mathurin,IND,SF,72.0,29.8,16.1,5.3,1.9,0.7,0.3,0.458,0.34,0.831,27.8928,146,566928,available,0,
Naji Marshall,DAL,SF,69.0,27.8,13.2,4.8,3.0,1.0,0.2,0.508,0.275,0.813,27.792066666666667,147,88961,available,0,
Tyus Jones,PHX,PG,81.0,26.8,10.2,2.4,5.3,0.9,0.1,0.448,0.414,0.895,27.781999999999996,148,843530,available,0,
Jrue Holiday,BOS,PG,62.0,30.6,11.1,4.3,3.9,1.1,0.4,0.443,0.353,0.909,27.701399999999992,149,743218,available,0,
Zach Collins,CHI,PF,28.0,19.7,8.6,6.7,2.1,0.5,0.5,0.541,0.3,0.884,27.695300000000003,150,863437,available,0,
Drew Eubanks,LAC,C,37.0,15.4,5.8,4.5,1.2,0.3,0.9,0.607,0.6,0.632,27.6418,151,381760,available,0,
Santi Aldama,MEM,PF,65.0,25.5,12.5,6.4,2.9,0.8,0.4,0.483,0.368,0.691,27.517999999999997,152,118255,available,0,
Shaedon Sharpe,POR,SG,72.0,31.3,18.5,4.5,2.8,0.9,0.2,0.452,0.311,0.785,27.383166666666664,153,999135,available,0,
Kel'el Ware,MIA,C,64.0,22.2,9.3,7.4,0.9,0.6,1.1,0.554,0.315,0.687,27.301400000000008,154,338785,available,0,
Russell Westbrook,DEN,PG,75.0,27.9,13.3,4.9,6.1,1.4,0.5,0.449,0.323,0.661,27.2689,155,542682,available,0,
Keon Ellis,SAC,SG,80.0,24.4,8.3,2.7,1.5,1.5,0.8,0.489,0.433,0.849,27.09093333333333,156,365578,available,0,
Jared McCain,PHI,SG,23.0,25.7,15.3,2.4,2.6,0.7,0.0,0.46,0.383,0.875,26.964166666666664,157,91867,available,0,
Caris LeVert,ATL,SG,26.0,26.6,14.9,3.7,2.9,0.9,0.5,0.482,0.338,0.722,26.65753333333333,158,526000,available,0,
Guerschon Yabusele,PHI,C,70.0,27.1,11.0,5.6,2.1,0.8,0.3,0.501,0.38,0.725,26.608999999999995,159,846854,available,0,
Kelly Oubre Jr.,PHI,SF,60.0,34.6,15.1,6.1,1.8,1.5,0.5,0.47,0.293,0.751,26.541266666666655,160,935515,available,0,
Tre Mann,CHA,PG,13.0,24.5,14.1,2.9,3.0,0.5,0.3,0.435,0.4,0.905,26.52166666666666,161,982821,available,0,
KJ Martin,UTA,PF,24.0,20.0,6.4,3.0,0.8,0.5,0.7,0.616,0.381,0.828,26.359999999999992,162,43077,available,0,
Scotty Pippen Jr.,MEM,PG,79.0,21.3,9.9,3.3,4.4,1.3,0.4,0.48,0.397,0.713,26.333899999999996,163,128549,available,0,
Isaiah Hartenstein,OKC,C,57.0,27.9,11.2,10.7,3.8,0.8,1.1,0.581,0.0,0.675,26.325999999999993,164,210112,available,0,
Kelly Olynyk,NOP,C,44.0,20.3,8.7,4.7,2.9,0.8,0.4,0.5,0.418,0.769,26.22819999999999,165,411304,available,0,
Tre Jones,CHI,PG,46.0,19.7,7.2,2.5,4.2,0.8,0.2,0.538,0.396,0.821,26.1192,166,27920,available,0,
Luke Kennard,MEM,SG,65.0,22.6,8.9,2.8,3.3,0.8,0.1,0.478,0.433,0.895,26.049666666666663,167,691077,available,0,
Aaron Wiggins,OKC,SG,76.0,22.9,12.0,3.9,1.8,0.8,0.2,0.488,0.383,0.831,25.990566666666663,168,671347,available,0,
Keegan Murray,SAC,PF,76.0,34.3,12.4,6.7,1.4,0.8,0.9,0.444,0.343,0.833,25.799233333333326,169,635985,available,0,
Toumani Camara,POR,PF,78.0,32.7,11.3,5.8,2.2,1.5,0.6,0.458,0.375,0.722,25.7454,170,944726,available,0,
Nic Claxton,BKN,C,70.0,26.9,10.3,7.4,2.2,0.9,1.4,0.563,0.238,0.513,25.291199999999996,171,976821,available,0,
Karlo Matković,NOP,PF,42.0,18.8,7.7,5.0,1.1,0.5,1.0,0.574,0.318,0.773,25.0764,172,289023,available,0,
Jared Rhoden,TOR,SG,10.0,21.5,11.4,3.8,1.4,0.9,0.2,0.506,0.324,0.88,24.979166666666668,173,299612,available,0,
Dru Smith,MIA,SG,14.0,19.1,6.2,2.6,1.6,1.5,0.4,0.508,0.533,0.75,24.932666666666663,174,149485,available,0,
Isaiah Stewart,DET,C,72.0,19.9,6.0,5.5,1.7,0.4,1.4,0.559,0.321,0.759,24.9081,175,297548,available,0,
Obi Toppin,IND,PF,79.0,19.6,10.5,4.0,1.6,0.6,0.4,0.529,0.365,0.781,24.900933333333334,176,464747,available,0,
Grant Williams,CHA,PF,16.0,29.9,10.4,5.1,2.3,1.1,0.8,0.439,0.365,0.838,24.812866666666665,177,109876,available,0,
Brandin Podziemski,GSW,SG,64.0,26.8,11.7,5.1,3.4,1.1,0.2,0.445,0.372,0.758,24.756400000000003,178,362196,available,0,
Jared Butler,PHI,SG,28.0,24.4,11.5,2.5,4.9,1.1,0.3,0.426,0.352,0.87,24.545333333333332,179,230863,available,0,
Keyonte George,UTA,PG,67.0,31.5,16.8,3.8,5.6,0.7,0.1,0.391,0.343,0.818,24.431999999999995,180,70865,available,0,
Cason Wallace,OKC,SG,68.0,27.6,8.4,3.4,2.5,1.8,0.5,0.474,0.356,0.811,24.3996,181,134540,available,0,
Larry Nance Jr.,ATL,PF,24.0,19.3,8.5,4.3,1.6,0.8,0.5,0.516,0.447,0.692,24.180266666666665,182,721946,available,0,
Klay Thompson,DAL,SF,72.0,27.3,14.0,3.4,2.0,0.7,0.4,0.412,0.391,0.905,24.152499999999996,183,949368,available,0,
Caris LeVert,ATL,SG,64.0,24.9,12.1,3.2,3.4,0.9,0.5,0.467,0.373,0.71,23.994999999999997,184,526000,available,0,
Ochai Agbaji,TOR,SG,64.0,27.2,10.4,3.8,1.5,0.9,0.5,0.498,0.399,0.708,23.98493333333333,185,610243,available,0,
Jordan Clarkson,UTA,SG,37.0,26.0,16.2,3.2,3.7,0.8,0.2,0.408,0.362,0.797,23.962,186,736435,available,0,
Justin Champagnie,WAS,SF,62.0,21.6,8.8,5.7,1.0,1.0,0.6,0.511,0.383,0.685,23.848000000000003,187,124486,available,0,
Ausar Thompson,DET,SF,59.0,22.5,10.1,5.1,2.3,1.7,0.7,0.535,0.224,0.641,23.704999999999995,188,193425,available,0,
Donte DiVincenzo,MIN,SG,62.0,25.9,11.7,3.7,3.6,1.2,0.3,0.422,0.397,0.778,23.657199999999996,189,74308,available,0,
Jabari Smith Jr.,HOU,PF,57.0,30.1,12.2,7.0,1.1,0.4,0.7,0.438,0.354,0.825,23.643666666666658,190,384068,available,0,
Nikola Jović,MIA,PF,46.0,25.1,10.7,3.9,2.8,0.8,0.3,0.456,0.371,0.828,23.582799999999995,191,558222,available,0,
Draymond Green,GSW,PF,68.0,29.2,9.0,6.1,5.6,1.5,1.0,0.424,0.325,0.687,23.567066666666665,192,757890,available,0,
T.J. McConnell,IND,PG,79.0,17.9,9.1,2.4,4.4,1.1,0.3,0.519,0.306,0.74,23.52583333333333,193,814414,available,0,
Jake LaRavia,SAC,PF,47.0,20.9,7.3,4.4,2.8,0.9,0.4,0.49,0.444,0.698,23.45969999999999,194,782375,available,0,
Al Horford,BOS,C,60.0,27.7,9.0,6.2,2.1,0.6,0.9,0.423,0.363,0.895,23.30516666666666,195,46530,available,0,
Dillon Brooks,HOU,SF,75.0,31.8,14.0,3.7,1.7,0.8,0.2,0.429,0.397,0.818,23.0784,196,985686,available,0,
Keldon Johnson,SAS,SF,77.0,23.9,12.7,4.8,1.6,0.6,0.3,0.482,0.318,0.773,22.874866666666662,197,578358,available,0,
Terance Mann,ATL,SG,30.0,22.7,9.8,3.1,2.1,0.6,0.1,0.541,0.386,0.667,22.75006666666667,198,435382,available,0,
Goga Bitadze,ORL,C,70.0,20.4,7.2,6.6,2.0,0.7,1.4,0.611,0.107,0.639,22.6996,199,502013,available,0,
Dennis Schröder,DET,PG,75.0,28.1,13.1,2.6,5.4,0.9,0.2,0.406,0.342,0.838,22.6463,200,293704,available,0,
Day'Ron Sharpe,BKN,C,50.0,18.1,7.9,6.6,1.8,0.8,0.8,0.521,0.244,0.757,22.6322,201,274504,available,0,
Scoot Henderson,POR,PG,66.0,26.7,12.7,3.0,5.1,1.0,0.2,0.419,0.354,0.767,22.61939999999999,202,440602,available,0,
Fred VanVleet,HOU,PG,60.0,35.2,14.1,3.7,5.6,1.6,0.4,0.378,0.345,0.81,22.614666666666658,203,66180,available,0,
Grayson Allen,PHX,SG,64.0,24.1,10.6,3.0,2.1,0.8,0.3,0.448,0.426,0.816,22.602099999999997,204,312979,available,0,
Brice Sensabaugh,UTA,SF,71.0,20.2,10.9,3.0,1.5,0.6,0.1,0.459,0.422,0.89,22.587000000000003,205,963099,available,0,
Donovan Clingan,POR,C,67.0,19.8,6.5,7.9,1.1,0.5,1.6,0.539,0.286,0.596,22.5638,206,830810,available,0,
Jusuf Nurkić,CHA,C,51.0,20.8,8.9,7.8,2.3,0.8,0.7,0.477,0.305,0.664,22.549199999999995,207,397709,available,0,
Taurean Prince,MIL,SF,80.0,27.1,8.2,3.6,1.9,1.0,0.2,0.457,0.439,0.813,22.483966666666664,208,733343,available,0,
Jusuf Nurkić,CHA,C,25.0,23.7,8.6,9.2,1.9,0.9,0.6,0.454,0.322,0.696,22.431700000000003,209,397709,available,0,
Kevin Huerter,CHI,SG,26.0,30.0,13.2,3.3,3.2,1.2,0.3,0.439,0.376,0.714,22.43,210,88958,available,0,
Derrick Jones Jr.,LAC,SF,77.0,24.3,10.1,3.4,0.8,1.0,0.4,0.526,0.356,0.703,22.285399999999996,211,123185,available,0,
Herbert Jones,NOP,SF,20.0,32.4,10.3,3.9,3.3,1.9,0.5,0.436,0.306,0.825,22.269999999999996,212,979289,available,0,
Malcolm Brogdon,WAS,PG,24.0,23.5,12.7,3.8,4.1,0.5,0.2,0.433,0.286,0.88,22.259166666666665,213,375335,available,0,
Kyle Filipowski,UTA,C,72.0,21.1,9.6,6.1,1.9,0.7,0.3,0.502,0.35,0.65,22.101833333333325,214,24348,available,0,
Kelly Olynyk,NOP,C,24.0,16.0,7.1,3.7,2.3,0.7,0.3,0.5,0.442,0.791,22.08599999999999,215,411304,available,0,
Caris LeVert,ATL,SF,38.0,23.8,10.2,2.8,3.7,0.9,0.5,0.453,0.405,0.699,22.016866666666665,216,526000,available,0,
Jonas Valančiūnas,SAC,C,32.0,16.9,8.7,7.0,1.8,0.5,0.6,0.556,0.1,0.847,21.894466666666673,217,373475,available,0,
Andrew Nembhard,IND,SG,65.0,28.9,10.0,3.3,5.0,1.2,0.2,0.458,0.291,0.794,21.82593333333334,218,378285,available,0,
Jusuf Nurkić,CHA,C,26.0,18.1,9.2,6.5,2.6,0.7,0.7,0.497,0.283,0.627,21.7877,219,397709,available,0,
Sam Hauser,BOS,PF,71.0,21.7,8.5,3.2,0.9,0.6,0.2,0.451,0.416,1.0,21.695833333333333,220,584467,available,0,
Jonathan Kuminga,GSW,PF,47.0,24.3,15.3,4.6,2.2,0.8,0.4,0.454,0.305,0.668,21.6774,221,773778,available,0,
Kai Jones,DAL,C,40.0,11.7,5.0,3.1,0.6,0.4,0.6,0.798,0.2,0.719,21.6758,222,622179,available,0,
D'Angelo Russell,BKN,PG,29.0,26.3,12.4,2.8,4.7,0.8,0.1,0.415,0.333,0.849,21.5387,223,199170,available,0,
Max Strus,CLE,SF,50.0,25.5,9.4,4.3,3.2,0.5,0.2,0.442,0.386,0.824,21.5195,224,621588,available,0,
Nick Richards,PHX,C,36.0,22.7,9.5,8.6,0.6,0.2,0.8,0.605,0.0,0.822,21.457566666666665,225,995626,available,0,
Mike Conley,MIN,PG,71.0,24.7,8.2,2.6,4.5,1.1,0.2,0.4,0.41,0.9,21.434833333333337,226,346592,available,0,
Quentin Grimes,PHI,SG,47.0,22.8,10.2,3.8,2.1,0.7,0.2,0.463,0.398,0.765,21.37,227,938797,available,0,
Malik Beasley,DET,SG,82.0,27.8,16.3,2.6,1.7,0.9,0.1,0.43,0.416,0.679,21.281866666666662,228,187965,available,0,
Dorian Finney-Smith,LAL,PF,20.0,29.0,10.4,4.6,1.6,0.9,0.6,0.459,0.435,0.625,21.12833333333333,229,156938,available,0,
Amir Coffey,LAC,SG,72.0,24.3,9.7,2.2,1.1,0.6,0.1,0.471,0.409,0.891,21.055299999999995,230,746090,available,0,
Brandon Williams,DAL,PG,33.0,14.8,8.3,1.8,2.3,0.7,0.2,0.521,0.4,0.833,21.0204,231,533938,available,0,
Chris Boucher,TOR,PF,50.0,17.2,10.0,4.5,0.7,0.5,0.5,0.492,0.363,0.782,20.975066666666667,232,149648,available,0,
Davion Mitchell,MIA,PG,74.0,27.4,7.9,2.3,4.9,1.0,0.2,0.468,0.398,0.69,20.925000000000004,233,323029,available,0,
Gradey Dick,TOR,SG,54.0,29.4,14.4,3.6,1.8,0.9,0.2,0.41,0.35,0.858,20.88819999999999,234,723149,available,0,
Vit Krejci,ATL,PG,57.0,20.2,7.2,2.7,2.6,0.6,0.5,0.497,0.437,0.711,20.82486666666666,235,399896,available,0,
Kyle Kuzma,MIL,PF,33.0,31.8,14.5,5.6,2.2,0.5,0.4,0.455,0.333,0.663,20.7434,236,380255,available,0,
Kevin Porter Jr.,MIL,SG,75.0,19.8,10.3,3.7,3.4,1.1,0.2,0.449,0.311,0.769,20.684200000000004,237,659242,available,0,
D'Angelo Russell,BKN,PG,58.0,25.5,12.6,2.8,5.1,1.0,0.4,0.39,0.314,0.834,20.644499999999997,238,199170,available,0,
Duncan Robinson,MIA,SF,74.0,24.1,11.0,2.3,2.4,0.5,0.1,0.437,0.393,0.887,20.61403333333333,239,512046,available,0,
Max Christie,DAL,SG,32.0,30.4,11.2,4.2,2.5,0.9,0.3,0.411,0.364,0.862,20.56013333333332,240,229655,available,0,
Bogdan Bogdanović,LAC,SG,54.0,25.0,10.8,2.9,2.7,0.8,0.2,0.427,0.363,0.879,20.555,241,336027,available,0,
Stephon Castle,SAS,PG,81.0,26.7,14.7,3.7,4.1,0.9,0.3,0.428,0.285,0.724,20.54179999999999,242,719366,available,0,
Georges Niang,ATL,PF,28.0,23.0,12.1,3.0,1.6,0.4,0.3,0.441,0.413,0.793,20.498999999999995,243,527392,available,0,
D'Angelo Russell,BKN,PG,29.0,24.7,12.9,2.8,5.6,1.1,0.7,0.367,0.297,0.826,20.3282,244,199170,available,0,
Jaxson Hayes,LAL,C,56.0,19.5,6.8,4.8,1.0,0.6,0.9,0.722,0.0,0.622,20.3215,245,744885,available,0,
Richaun Holmes,WAS,PF,31.0,17.2,7.4,5.7,1.4,0.3,0.7,0.647,0.0,0.833,20.222933333333327,246,803955,available,0,
Corey Kispert,WAS,SF,61.0,26.3,11.6,3.0,1.7,0.4,0.2,0.451,0.364,0.852,20.172433333333338,247,737206,available,0,
Alex Caruso,OKC,SG,54.0,19.3,7.1,2.9,2.5,1.6,0.6,0.446,0.353,0.824,20.17086666666667,248,485251,available,0,
Tristan Vukcevic,WAS,C,35.0,14.7,9.4,3.7,1.1,0.3,0.7,0.496,0.373,0.776,20.1462,249,969087,available,0,
Gary Trent Jr.,MIL,SG,74.0,25.6,11.1,2.3,1.2,1.0,0.1,0.431,0.416,0.848,19.975466666666662,250,434957,available,0,
Trendon Watford,BKN,PF,44.0,20.8,10.2,3.6,2.6,0.6,0.3,0.469,0.33,0.762,19.8096,251,117040,available,0,
Matisse Thybulle,POR,SG,15.0,20.8,7.5,3.5,1.9,2.2,0.6,0.477,0.438,0.467,19.802266666666664,252,519045,available,0,
Jerami Grant,POR,PF,47.0,32.4,14.4,3.5,2.1,0.9,1.0,0.373,0.365,0.849,19.74959999999999,253,783527,available,0,
Luguentz Dort,OKC,SF,71.0,29.2,10.1,4.1,1.6,1.1,0.5,0.435,0.412,0.717,19.747733333333333,254,80575,available,0,
Brandon Boston Jr.,ATL,SG,42.0,23.6,10.7,3.2,2.2,1.3,0.2,0.436,0.35,0.788,19.657466666666668,255,225474,available,0,
Zaccharie Risacher,ATL,SF,75.0,24.6,12.6,3.6,1.2,0.7,0.5,0.458,0.355,0.711,19.638599999999997,256,189796,available,0,
Khris Middleton,WAS,SF,14.0,22.1,10.7,3.7,3.4,1.3,0.2,0.413,0.277,0.868,19.6128,257,225866,available,0,
Dante Exum,DAL,PG,20.0,18.6,8.7,1.7,2.8,0.6,0.2,0.478,0.434,0.742,19.578199999999995,258,927804,available,0,
Keion Brooks Jr.,NOP,SF,14.0,23.7,10.1,4.1,0.9,0.7,0.7,0.486,0.326,0.733,19.574599999999997,259,593503,available,0,
Zach Collins,CHI,PF,64.0,15.3,6.4,4.5,1.7,0.5,0.5,0.507,0.302,0.885,19.492,260,863437,available,0,
Jose Alvarado,NOP,PG,56.0,24.4,10.3,2.4,4.6,1.3,0.3,0.392,0.359,0.811,19.45506666666666,261,753384,available,0,
Kyle Anderson,MIA,SF,25.0,18.4,6.7,3.8,2.6,0.6,0.5,0.493,0.333,0.789,19.361600000000003,262,457985,available,0,
Jake LaRavia,SAC,PF,66.0,20.4,6.9,3.9,2.4,0.9,0.3,0.475,0.423,0.678,19.351199999999995,263,782375,available,0,
Georges Niang,ATL,PF,79.0,21.5,9.9,3.4,1.4,0.4,0.2,0.461,0.406,0.793,19.342,264,527392,available,0,
Drew Eubanks,LAC,C,61.0,12.2,4.6,3.7,0.9,0.2,0.6,0.593,0.5,0.662,19.300733333333337,265,381760,available,0,
Royce O'Neale,PHX,SF,75.0,24.5,9.1,4.7,2.2,0.9,0.5,0.423,0.406,0.731,19.28366666666666,266,165178,available,0,
Alex Sarr,WAS,C,67.0,27.1,13.0,6.5,2.4,0.7,1.5,0.394,0.308,0.679,19.27473333333333,267,762329,available,0,
Julian Champagnie,SAS,SF,82.0,23.6,9.9,3.9,1.4,0.7,0.4,0.415,0.371,0.904,19.209066666666665,268,156871,available,0,
Nick Richards,PHX,C,57.0,22.0,9.3,8.2,0.9,0.2,1.0,0.591,0.0,0.744,19.154666666666664,269,995626,available,0,
Jaylin Williams,OKC,PF,47.0,16.7,5.9,5.6,2.6,0.5,0.6,0.439,0.399,0.767,19.101900000000008,270,279233,available,0,
Peyton Watson,DEN,SF,68.0,24.4,8.1,3.4,1.4,0.7,1.4,0.477,0.353,0.693,18.945199999999993,271,31559,available,0,
Jared Butler,PHI,SG,60.0,17.4,9.0,1.8,3.7,0.7,0.2,0.448,0.355,0.824,18.899600000000003,272,230863,available,0,
Jalen Smith,CHI,C,64.0,15.0,8.2,5.6,1.0,0.3,0.7,0.466,0.324,0.809,18.879999999999995,273,647145,available,0,
Luke Kornet,BOS,C,73.0,18.6,6.0,5.3,1.6,0.5,1.0,0.668,0.0,0.691,18.8756,274,292868,available,0,
Cole Anthony,MEM,PG,67.0,18.4,9.4,3.0,2.9,0.7,0.5,0.424,0.353,0.823,18.858533333333337,275,395763,available,0,
Lonnie Walker IV,PHI,SG,20.0,23.9,12.4,3.2,2.5,0.5,0.3,0.42,0.354,0.8,18.844833333333337,276,697925,available,0,
Bilal Coulibaly,WAS,SF,59.0,33.0,12.3,5.0,3.4,1.3,0.7,0.421,0.281,0.746,18.818,277,34697,available,0,
Brandon Clarke,MEM,PF,64.0,18.9,8.3,5.1,1.0,0.8,0.6,0.621,0.059,0.701,18.8159,278,304283,available,0,
Spencer Dinwiddie,DAL,PG,79.0,27.0,11.0,2.6,4.4,0.9,0.2,0.416,0.334,0.802,18.809,279,8101,available,0,
Gary Payton II,GSW,SG,62.0,15.0,6.5,3.0,1.3,0.8,0.3,0.574,0.326,0.711,18.79,280,585520,available,0,
Nickeil Alexander-Walker,MIN,SG,82.0,25.3,9.4,3.2,2.7,0.6,0.4,0.438,0.381,0.78,18.687666666666665,281,938286,available,0,
Max Christie,DAL,SG,78.0,27.3,9.6,3.3,1.9,0.8,0.4,0.427,0.366,0.855,18.644999999999992,282,229655,available,0,
Orlando Robinson,MIA,C,35.0,20.4,8.1,5.9,1.9,0.4,0.4,0.447,0.34,0.794,18.6416,283,151458,available,0,
Isaiah Joe,OKC,SG,74.0,21.7,10.2,2.6,1.6,0.6,0.1,0.44,0.412,0.821,18.6012,284,971613,available,0,
Georges Niang,ATL,PF,51.0,20.6,8.7,3.7,1.3,0.3,0.1,0.477,0.4,0.793,18.583466666666663,285,527392,available,0,
Mitchell Robinson,NYK,C,17.0,17.1,5.1,5.9,0.8,0.9,1.1,0.661,0.0,0.684,18.507899999999996,286,717220,available,0,
Thomas Bryant,IND,C,56.0,15.1,6.9,3.9,0.9,0.5,0.6,0.515,0.321,0.83,18.394333333333332,287,964044,available,0,
Oscar Tshiebwe,UTA,C,14.0,18.2,7.6,8.7,0.6,0.9,0.1,0.6,0.0,0.742,18.36673333333333,288,320671,available,0,
Buddy Hield,GSW,SG,82.0,22.7,11.1,3.2,1.6,0.8,0.3,0.417,0.37,0.828,18.28676666666666,289,777623,available,0,
Jaime Jaquez Jr.,MIA,SF,66.0,20.7,8.6,4.4,2.5,0.9,0.2,0.461,0.311,0.754,18.2528,290,48292,available,0,
Matas Buzelis,CHI,SF,80.0,18.9,8.6,3.5,1.0,0.4,0.9,0.454,0.361,0.815,18.042499999999997,291,875481,available,0,
Colin Castleton,TOR,C,11.0,26.2,7.2,6.9,1.6,0.5,0.7,0.5,0.25,0.722,17.9954,292,177652,available,0,
Kentavious Caldwell-Pope,MEM,SG,77.0,29.6,8.7,2.2,1.8,1.3,0.4,0.439,0.342,0.863,17.896799999999995,293,836436,available,0,
Max Christie,DAL,SG,46.0,25.1,8.5,2.7,1.4,0.8,0.5,0.444,0.368,0.851,17.8906,294,229655,available,0,
Wendell Carter Jr.,ORL,C,68.0,25.9,9.1,7.2,2.0,0.8,0.6,0.46,0.234,0.737,17.7398,295,403036,available,0,
Bub Carrington,WAS,PG,82.0,30.0,9.8,4.2,4.4,0.7,0.3,0.401,0.339,0.812,17.700000000000003,296,441414,available,0,
Kyle Kuzma,MIL,PF,65.0,29.8,14.8,5.7,2.3,0.6,0.3,0.436,0.307,0.634,17.67786666666666,297,380255,available,0,
Kevon Looney,GSW,C,76.0,15.0,4.5,6.1,1.6,0.6,0.5,0.514,0.4,0.566,17.634999999999998,298,712926,available,0,
Justin Edwards,PHI,SF,44.0,26.3,10.1,3.4,1.6,1.0,0.4,0.455,0.363,0.696,17.60646666666666,299,237859,available,0,
Adem Bona,PHI,C,58.0,15.6,5.8,4.2,0.5,0.4,1.2,0.703,0.0,0.67,17.559999999999995,300,157359,available,0,
Thomas Bryant,IND,C,66.0,14.6,6.5,3.8,0.8,0.4,0.6,0.508,0.324,0.859,17.508399999999995,301,964044,available,0,
Ziaire Williams,BKN,SF,63.0,24.5,10.0,4.6,1.3,1.0,0.4,0.412,0.341,0.821,17.36616666666666,302,515172,available,0,
Colby Jones,WAS,SG,15.0,25.7,8.7,4.3,2.5,1.3,0.4,0.466,0.308,0.657,17.193066666666663,303,111025,available,0,
Kessler Edwards,DAL,SF,40.0,15.2,4.2,2.9,1.1,0.5,0.5,0.496,0.407,0.923,17.138266666666663,304,926494,available,0,
Terance Mann,ATL,SG,67.0,21.1,7.7,3.0,1.8,0.7,0.2,0.496,0.368,0.691,17.10793333333333,305,435382,available,0,
Jared Rhoden,TOR,SG,14.0,16.2,8.4,3.0,1.1,0.7,0.1,0.483,0.308,0.88,17.102999999999998,306,299612,available,0,
Bruce Brown,NOP,PG,18.0,19.6,8.4,3.8,1.6,0.9,0.2,0.435,0.306,0.897,17.06586666666667,307,338680,available,0,
Ryan Rollins,MIL,PG,56.0,14.6,6.2,1.9,1.9,0.8,0.3,0.487,0.408,0.8,17.038999999999998,308,190452,available,0,
Quinten Post,GSW,PF,42.0,16.3,8.1,3.5,1.3,0.4,0.4,0.449,0.408,0.778,16.916233333333334,309,70584,available,0,
Anthony Black,ORL,PG,78.0,24.2,9.4,2.9,3.1,1.1,0.6,0.423,0.318,0.761,16.886533333333333,310,457610,available,0,
Ajay Mitchell,OKC,SG,36.0,16.6,6.5,1.9,1.8,0.7,0.1,0.495,0.383,0.829,16.851399999999998,311,805693,available,0,
Miles McBride,NYK,PG,64.0,24.9,9.5,2.5,2.9,1.0,0.3,0.406,0.369,0.813,16.8407,312,724247,available,0,
Moses Moody,GSW,SG,74.0,22.3,9.8,2.6,1.3,0.8,0.4,0.433,0.374,0.797,16.804933333333338,313,301516,available,0,
KJ Martin,UTA,PF,43.0,21.2,6.4,2.9,1.1,0.4,0.5,0.552,0.259,0.787,16.78106666666667,314,43077,available,0,
Marcus Smart,WAS,PG,15.0,18.7,9.3,1.9,2.5,1.1,0.2,0.44,0.392,0.686,16.755366666666667,315,53040,available,0,
Dorian Finney-Smith,LAL,PF,63.0,28.9,8.7,3.9,1.4,0.9,0.4,0.448,0.411,0.667,16.6923,316,156938,available,0,
Jay Huff,MEM,C,64.0,11.7,6.9,2.0,0.6,0.3,0.9,0.515,0.405,0.786,16.6002,317,723729,available,0,
Kyle Anderson,MIA,PF,61.0,16.4,5.9,3.4,2.4,0.7,0.5,0.469,0.357,0.738,16.491199999999996,318,457985,available,0,
Jaylen Wells,MEM,SG,79.0,25.9,10.4,3.4,1.7,0.6,0.1,0.425,0.352,0.822,16.2033,319,649218,available,0,
Nick Richards,PHX,C,21.0,21.0,8.9,7.5,1.3,0.3,1.2,0.561,0.0,0.678,16.153,320,995626,available,0,
Jordan Goodwin,LAL,PG,29.0,18.7,5.6,3.9,1.4,1.0,0.4,0.438,0.382,0.818,16.13743333333333,321,842725,available,0,
Ben Simmons,LAC,PG,33.0,25.0,6.2,5.2,6.9,0.8,0.5,0.547,0.0,0.692,16.115000000000002,322,514868,available,0,
Bol Bol,PHX,PF,36.0,12.4,6.8,2.9,0.6,0.3,0.7,0.525,0.344,0.769,16.089599999999997,323,633379,available,0,
Collin Gillespie,PHX,PG,33.0,14.0,5.9,2.4,2.4,0.6,0.2,0.43,0.433,0.864,15.90933333333333,324,556813,available,0,
Tosan Evbuomwan,BKN,SF,28.0,23.8,9.5,4.3,2.0,0.9,0.4,0.427,0.312,0.753,15.800399999999994,325,907300,available,0,
Jeremiah Robinson-Earl,NOP,PF,66.0,18.8,6.3,4.8,1.3,0.6,0.1,0.455,0.341,0.836,15.784133333333331,326,156683,available,0,
Haywood Highsmith,MIA,SF,74.0,24.6,6.5,3.4,1.5,0.9,0.5,0.458,0.382,0.721,15.701599999999996,327,469819,available,0,
Caleb Martin,DAL,SF,31.0,30.4,9.1,4.4,2.2,1.1,0.6,0.435,0.379,0.622,15.646133333333331,328,470286,available,0,
Jeff Dowtin Jr.,PHI,PG,41.0,15.1,7.0,1.5,1.9,0.6,0.3,0.487,0.4,0.733,15.628466666666666,329,554982,available,0,
Cody Martin,PHX,SF,39.0,24.8,7.8,4.5,2.3,1.1,0.7,0.433,0.323,0.694,15.535866666666658,330,849143,available,0,
Orlando Robinson,MIA,C,44.0,17.5,6.9,5.0,1.8,0.4,0.4,0.444,0.327,0.771,15.509166666666664,331,151458,available,0,
Johnny Juzang,UTA,SG,64.0,19.8,8.9,2.9,1.1,0.6,0.1,0.429,0.376,0.849,15.4832,332,241953,available,0,
Seth Curry,CHA,SG,68.0,15.6,6.5,1.7,0.9,0.4,0.1,0.478,0.456,0.846,15.4616,333,850471,available,0,
Shake Milton,LAL,SG,27.0,18.2,7.4,1.9,2.4,0.6,0.0,0.465,0.389,0.758,15.4076,334,284062,available,0,
Dorian Finney-Smith,LAL,PF,43.0,28.8,7.9,3.6,1.4,0.9,0.3,0.442,0.398,0.714,15.395199999999996,335,156938,available,0,
Bruce Brown,NOP,PG,41.0,22.5,8.3,4.0,2.0,0.8,0.2,0.421,0.333,0.815,15.387499999999998,336,338680,available,0,
Dennis Schröder,DET,PG,28.0,25.2,10.8,2.6,5.3,0.5,0.2,0.378,0.302,0.833,15.351599999999996,337,293704,available,0,
Kyle Kuzma,MIL,PF,32.0,27.7,15.2,5.8,2.5,0.6,0.2,0.42,0.281,0.602,15.3464,338,380255,available,0,
Kris Dunn,LAC,PG,74.0,24.1,6.4,3.4,2.8,1.7,0.4,0.439,0.335,0.682,15.324533333333337,339,697708,available,0,
Cam Whitmore,HOU,SF,51.0,16.2,9.4,3.0,1.0,0.6,0.3,0.444,0.355,0.75,15.31,340,390560,available,0,
Kenrich Williams,OKC,PF,69.0,16.4,6.3,3.5,1.4,0.6,0.1,0.483,0.386,0.718,15.2412,341,747637,available,0,
Precious Achiuwa,NYK,C,57.0,20.5,6.6,5.6,1.0,0.8,0.7,0.502,0.278,0.594,15.06283333333333,342,466182,available,0,
Andre Drummond,PHI,C,40.0,18.8,7.3,7.8,0.9,1.0,0.5,0.5,0.15,0.622,14.996266666666664,343,324117,available,0,
Dwight Powell,DAL,C,55.0,10.0,2.1,2.1,1.0,0.3,0.4,0.689,0.4,0.651,14.979999999999997,344,316022,available,0,
Kevin Huerter,CHI,SG,69.0,24.3,9.9,3.0,2.3,1.0,0.3,0.425,0.338,0.714,14.912699999999996,345,88958,available,0,
Jared Butler,PHI,PG,32.0,11.3,6.9,1.3,2.6,0.4,0.2,0.483,0.366,0.778,14.834233333333334,346,230863,available,0,
Tim Hardaway Jr.,DET,SG,77.0,28.0,11.0,2.4,1.6,0.5,0.1,0.406,0.368,0.855,14.813333333333336,347,957703,available,0,
Josh Okogie,CHA,SG,15.0,18.3,8.9,2.7,1.3,1.8,0.5,0.388,0.32,0.774,14.8107,348,351810,available,0,
Sam Merrill,CLE,SG,71.0,19.7,7.2,2.2,1.5,0.7,0.2,0.406,0.372,0.966,14.8097,349,750162,available,0,
Marcus Sasser,DET,PG,57.0,14.2,6.6,1.2,2.3,0.6,0.1,0.463,0.382,0.843,14.792266666666665,350,666527,available,0,
Marcus Smart,WAS,PG,34.0,20.0,9.0,2.1,3.2,1.1,0.3,0.393,0.348,0.761,14.773333333333332,351,53040,available,0,
A.J. Green,CLE,SG,73.0,22.7,7.4,2.4,1.5,0.5,0.1,0.429,0.427,0.815,14.746166666666664,352,725540,available,0,
Jarace Walker,IND,PF,75.0,15.8,6.1,3.1,1.5,0.7,0.3,0.472,0.405,0.667,14.706599999999998,353,44505,available,0,
Lonzo Ball,CHI,PG,35.0,22.2,7.6,3.4,3.3,1.3,0.5,0.366,0.344,0.815,14.703999999999994,354,301195,available,0,
Dalton Knecht,LAL,SF,78.0,19.2,9.1,2.8,0.8,0.3,0.1,0.461,0.376,0.762,14.6104,355,329146,available,0,
Josh Okogie,CHA,SG,40.0,15.6,7.1,2.8,0.8,1.2,0.5,0.443,0.348,0.741,14.565599999999996,356,351810,available,0,
Sandro Mamukelashvili,SAS,PF,61.0,11.2,6.3,3.1,0.8,0.4,0.3,0.502,0.373,0.741,14.413866666666664,357,251849,available,0,
Josh Okogie,CHA,SG,25.0,14.0,6.0,2.9,0.6,0.8,0.4,0.491,0.381,0.688,14.278666666666664,358,351810,available,0,
Javonte Green,CLE,SG,50.0,21.8,5.8,3.6,0.9,1.1,0.6,0.446,0.352,0.758,14.2374,359,669602,available,0,
Jock Landale,HOU,C,42.0,11.9,4.8,3.3,0.9,0.3,0.2,0.533,0.423,0.675,14.208166666666664,360,575009,available,0,
Bruce Brown,NOP,PG,23.0,24.7,8.2,4.2,2.4,0.7,0.3,0.41,0.356,0.75,14.200166666666656,361,338680,available,0,
Quenton Jackson,IND,PG,28.0,13.6,5.8,1.6,1.9,0.8,0.2,0.475,0.375,0.775,14.182,362,492669,available,0,
Nick Smith Jr.,CHA,SG,60.0,22.8,9.9,2.1,2.4,0.3,0.1,0.391,0.34,0.935,14.179999999999998,363,840513,available,0,
Jamison Battle,TOR,SF,59.0,17.7,7.1,2.7,0.9,0.3,0.2,0.429,0.405,0.889,14.175299999999998,364,981810,available,0,
Keon Johnson,BKN,SG,79.0,24.4,10.6,3.8,2.2,1.0,0.4,0.389,0.314,0.77,14.160666666666666,365,889702,available,0,
Isaiah Collier,UTA,PG,71.0,25.9,8.7,3.3,6.3,0.9,0.2,0.422,0.249,0.682,14.152133333333332,366,684334,available,0,
Clint Capela,ATL,C,55.0,21.4,8.9,8.5,1.1,0.6,1.0,0.559,0.0,0.536,14.015400000000003,367,746288,available,0,
Tyrese Martin,BKN,SG,60.0,21.9,8.7,3.7,2.0,0.6,0.2,0.406,0.351,0.793,14.006700000000004,368,502668,available,0,
Tre Jones,CHI,PG,28.0,16.1,4.4,2.1,3.7,0.6,0.2,0.484,0.308,0.758,14.005966666666662,369,27920,available,0,
Julian Strawther,DEN,SG,65.0,21.3,9.0,2.2,1.3,0.6,0.2,0.432,0.349,0.822,13.973599999999996,370,89483,available,0,
Keaton Wallace,ATL,PG,31.0,16.2,5.4,1.6,2.6,0.9,0.3,0.401,0.329,1.0,13.956000000000005,371,240798,available,0,
Kyle Anderson,MIA,PF,36.0,15.0,5.3,3.1,2.3,0.7,0.6,0.45,0.365,0.667,13.924999999999995,372,457985,available,0,
Jabari Walker,POR,SF,60.0,12.5,5.2,3.5,0.6,0.6,0.1,0.515,0.389,0.69,13.858333333333333,373,493225,available,0,
Alex Reese,PHI,PF,14.0,15.3,5.3,3.3,0.3,0.7,0.7,0.472,0.366,0.75,13.833499999999995,374,996609,available,0,
Alex Reese,PHI,PF,15.0,14.4,5.1,3.1,0.3,0.7,0.7,0.481,0.366,0.75,13.829999999999998,375,996609,available,0,
Terry Rozier,MIA,PG,64.0,25.9,10.6,3.7,2.6,0.6,0.2,0.391,0.295,0.852,13.794466666666665,376,514512,available,0,
Marcus Smart,WAS,PG,19.0,21.1,8.7,2.3,3.7,1.2,0.3,0.358,0.322,0.833,13.59046666666666,377,53040,available,0,
Cameron Payne,NYK,PG,72.0,15.1,6.9,1.4,2.8,0.5,0.2,0.401,0.363,0.907,13.526033333333332,378,395489,available,0,
Mason Plumlee,PHX,C,74.0,17.6,4.5,6.1,1.8,0.4,0.6,0.619,0.0,0.648,13.524799999999995,379,132099,available,0,
Moses Brown,BOS,C,13.0,9.2,5.8,3.4,0.2,0.5,0.3,0.694,0.0,0.727,13.518399999999998,380,772180,available,0,
Nicolas Batum,LAC,PF,78.0,17.5,4.0,2.8,1.1,0.7,0.5,0.437,0.433,0.81,13.485,381,949864,available,0,
Neemias Queta,BOS,C,62.0,13.9,5.0,3.8,0.7,0.3,0.7,0.65,0.0,0.754,13.364433333333332,382,849517,available,0,
Alec Burks,MIA,SG,49.0,17.6,7.3,2.5,1.1,0.6,0.1,0.424,0.425,0.776,13.334266666666666,383,24628,available,0,
Yves Missi,NOP,C,73.0,26.8,9.1,8.2,1.4,0.5,1.3,0.547,0.0,0.623,13.254399999999997,384,380383,available,0,
Paul Reed,DET,C,45.0,9.7,4.1,2.7,1.0,0.9,0.6,0.507,0.286,0.762,13.246233333333333,385,953468,available,0,
Ja'Kobe Walter,TOR,SG,52.0,21.2,8.6,3.1,1.6,0.8,0.2,0.405,0.349,0.795,13.232666666666669,386,687106,available,0,
Daniel Theis,NOP,C,38.0,16.3,4.3,4.3,1.6,0.5,0.5,0.473,0.243,0.838,12.925733333333328,387,94192,available,0,
Bones Hyland,MIN,PG,20.0,11.1,7.2,1.2,1.4,0.9,0.2,0.391,0.388,0.885,12.893,388,443696,available,0,
Patrick Williams,CHI,PF,63.0,25.0,9.0,3.8,2.0,0.8,0.5,0.397,0.353,0.723,12.868333333333332,389,564169,available,0,
Davion Mitchell,MIA,PG,44.0,24.5,6.3,1.9,4.6,0.7,0.2,0.434,0.359,0.676,12.85533333333333,390,323029,available,0,
Jonathan Mogbo,TOR,PF,63.0,20.4,6.2,4.9,2.3,0.9,0.5,0.438,0.243,0.732,12.766799999999998,391,414531,available,0,
Kevin Porter Jr.,MIL,SG,45.0,19.6,9.3,3.6,3.2,1.0,0.2,0.423,0.245,0.645,12.709999999999996,392,659242,available,0,
Dennis Schröder,DET,SG,24.0,26.2,10.6,2.3,4.4,1.0,0.1,0.375,0.322,0.744,12.579133333333331,393,293704,available,0,
Thomas Bryant,IND,C,10.0,11.5,4.1,3.2,0.4,0.1,0.9,0.429,0.353,1.0,12.459999999999996,394,964044,available,0,
Isaac Okoro,CLE,SG,55.0,19.1,6.1,2.4,1.2,0.6,0.3,0.464,0.371,0.717,12.404033333333336,395,832739,available,0,
Zach Collins,CHI,C,36.0,11.8,4.6,2.8,1.4,0.4,0.4,0.462,0.304,0.886,12.39313333333333,396,863437,available,0,
Jamal Shead,TOR,PG,75.0,19.6,7.1,1.5,4.2,0.8,0.1,0.405,0.323,0.768,12.3728,397,22748,available,0,
David Roddy,HOU,PF,27.0,12.8,4.5,2.6,1.1,0.4,0.3,0.473,0.372,0.818,12.347066666666665,398,643469,available,0,
Antonio Reeves,NOP,SG,44.0,15.0,6.9,1.4,0.9,0.5,0.1,0.456,0.395,0.8,12.33,399,658706,available,0,
Tristan Da Silva,ORL,SF,74.0,22.0,7.2,3.3,1.5,0.4,0.2,0.412,0.335,0.873,12.26933333333333,400,796017,available,0,
Jaden Hardy,DAL,SG,57.0,15.9,8.7,1.6,1.4,0.5,0.1,0.435,0.386,0.698,12.182699999999995,401,824062,available,0,
Terance Mann,ATL,SG,37.0,19.8,6.0,2.9,1.6,0.8,0.3,0.446,0.347,0.719,12.124199999999998,402,435382,available,0,
Ben Simmons,LAC,PG,51.0,22.0,5.0,4.7,5.6,0.7,0.5,0.52,0.0,0.727,12.124,403,514868,available,0,
Mouhamed Gueye,ATL,PF,33.0,16.2,6.0,4.2,0.8,0.8,1.0,0.421,0.259,0.762,12.1104,404,184931,available,0,
Eric Gordon,PHI,SG,39.0,19.7,6.8,1.2,1.7,0.7,0.3,0.426,0.409,0.75,12.082666666666665,405,541870,available,0,
Jalen Wilson,BKN,PF,79.0,25.7,9.5,3.4,1.8,0.5,0.1,0.397,0.337,0.818,12.031933333333336,406,530095,available,0,
Mo Bamba,LAC,C,28.0,12.6,4.6,4.3,0.6,0.3,1.0,0.466,0.3,0.68,11.977,407,601091,available,0,
Caleb Martin,DAL,SF,45.0,27.1,7.9,3.9,2.1,1.0,0.5,0.424,0.359,0.622,11.973533333333329,408,470286,available,0,
Garrison Mathews,ATL,SG,47.0,17.7,7.5,1.9,1.3,0.6,0.3,0.397,0.39,0.821,11.8812,409,195915,available,0,
Cody Martin,PHX,SF,53.0,22.1,6.8,4.2,2.0,1.1,0.6,0.418,0.285,0.705,11.873499999999996,410,849143,available,0,
Kyshawn George,WAS,SG,68.0,26.5,8.7,4.2,2.5,1.0,0.7,0.372,0.322,0.753,11.760333333333328,411,829233,available,0,
Bogdan Bogdanović,LAC,SG,24.0,24.9,10.0,2.8,2.0,0.8,0.3,0.371,0.301,0.882,11.741799999999994,412,336027,available,0,
Josh Green,CHA,SG,68.0,27.8,7.4,2.5,1.6,1.1,0.2,0.428,0.391,0.681,11.7238,413,551253,available,0,
Moussa Diabaté,CHA,C,71.0,17.5,5.7,6.2,0.8,0.6,0.6,0.596,0.0,0.595,11.698333333333329,414,969903,available,0,
Pat Connaughton,MIL,SG,41.0,14.7,5.3,2.7,1.7,0.2,0.3,0.469,0.321,0.774,11.619799999999998,415,613914,available,0,
Mo Bamba,2TM,C,32.0,12.9,4.3,4.5,0.6,0.3,1.0,0.464,0.278,0.704,11.6061,416,601091,available,0,
Bones Hyland,MIN,PG,24.0,10.0,6.2,1.0,1.3,0.8,0.2,0.398,0.39,0.885,11.583333333333336,417,443696,available,0,
Svi Mykhailiuk,UTA,SF,38.0,20.0,8.8,2.4,2.0,0.5,0.2,0.391,0.345,0.8,11.58,418,127446,available,0,
Tony Bradley,IND,C,14.0,8.1,4.4,3.0,0.4,0.1,0.6,0.644,0.333,0.333,11.480299999999998,419,170077,available,0,
Dalano Banton,POR,PG,67.0,16.7,8.3,2.0,2.4,0.6,0.5,0.391,0.324,0.728,11.4711,420,54747,available,0,
Craig Porter Jr.,CLE,PG,51.0,10.1,3.7,1.3,1.4,0.3,0.3,0.514,0.438,0.719,11.4224,421,72313,available,0,
John Konchar,MEM,SG,46.0,12.1,2.4,3.3,0.9,0.7,0.3,0.451,0.371,0.875,11.415833333333332,422,669282,available,0,
Jeff Green,HOU,PF,32.0,12.4,5.4,1.8,0.6,0.2,0.1,0.504,0.367,0.808,11.360533333333334,423,407378,available,0,
Shake Milton,LAL,SG,57.0,14.7,5.5,1.8,1.8,0.4,0.1,0.453,0.358,0.797,11.3504,424,284062,available,0,
Taj Gibson,CHA,C,37.0,11.1,2.9,3.2,0.6,0.2,0.5,0.495,0.5,0.6,11.3495,425,59043,available,0,
Ben Sheppard,IND,SG,63.0,19.5,5.3,2.8,1.3,0.6,0.2,0.418,0.342,0.889,11.332999999999998,426,760565,available,0,
Wendell Moore Jr.,CHA,SG,36.0,13.9,4.2,2.6,1.2,0.6,0.1,0.468,0.341,0.818,11.3312,427,713497,available,0,
Jaylen Clark,MIN,SG,40.0,13.1,4.1,1.3,0.7,0.9,0.1,0.467,0.431,0.784,11.290733333333336,428,629044,available,0,
Trayce Jackson-Davis,GSW,C,62.0,15.6,6.6,5.0,1.7,0.4,0.6,0.576,0.0,0.578,11.280799999999996,429,750564,available,0,
A.J. Lawson,TOR,SG,26.0,18.7,9.1,3.3,1.2,0.5,0.2,0.421,0.327,0.683,11.2191,430,971449,available,0,
Trey Lyles,SAC,PF,69.0,19.6,6.5,4.6,1.2,0.6,0.3,0.42,0.34,0.7,11.195333333333329,431,228200,available,0,
Jarred Vanderbilt,LAL,PF,36.0,16.1,4.1,5.1,1.1,1.0,0.3,0.488,0.281,0.556,11.143933333333331,432,255777,available,0,
Wendell Moore Jr.,CHA,SG,16.0,17.5,5.4,3.2,1.2,0.6,0.1,0.474,0.37,0.625,11.098333333333333,433,713497,available,0,
Talen Horton-Tucker,CHI,SG,58.0,12.5,6.5,1.7,1.4,0.4,0.2,0.457,0.336,0.735,10.94,434,910135,available,0,
Jordan Hawkins,NOP,SG,56.0,23.6,10.8,2.8,1.2,0.5,0.4,0.372,0.331,0.816,10.856266666666665,435,85053,available,0,
Jonathan Isaac,ORL,PF,71.0,15.4,5.4,4.4,0.6,0.9,1.1,0.414,0.258,0.682,10.706466666666667,436,845944,available,0,
Jordan McLaughlin,SAS,PG,18.0,6.9,2.5,0.5,1.5,0.3,0.1,0.536,0.45,1.0,10.6785,437,227365,available,0,
Aaron Holiday,HOU,PG,62.0,12.8,5.5,1.3,1.3,0.3,0.2,0.437,0.398,0.829,10.646533333333332,438,241949,available,0,
Isaac Jones,SAC,PF,40.0,7.6,3.4,1.4,0.3,0.1,0.3,0.651,0.375,0.639,10.497066666666669,439,560274,available,0,
Jaylen Martin,WAS,SF,13.0,18.0,5.8,3.4,1.3,0.7,0.0,0.417,0.273,0.9,10.449999999999996,440,101244,available,0,
Markelle Fultz,SAC,PG,21.0,8.8,2.9,1.0,1.3,0.5,0.1,0.418,0.5,1.0,10.387333333333332,441,472125,available,0,
Keshad Johnson,MIA,SF,16.0,6.1,2.7,1.8,0.3,0.3,0.3,0.692,0.429,0.444,10.326733333333332,442,41633,available,0,
Ron Holland,DET,SF,81.0,15.6,6.4,2.7,1.0,0.6,0.2,0.474,0.238,0.754,10.3004,443,438746,available,0,
Kevin Huerter,CHI,SG,43.0,20.9,7.9,2.8,1.7,0.8,0.4,0.413,0.302,0.714,10.213433333333327,444,88958,available,0,
Javonte Green,CLE,SG,68.0,18.5,5.1,3.2,0.8,1.0,0.5,0.429,0.326,0.724,10.181499999999998,445,669602,available,0,
Micah Potter,UTA,C,38.0,18.6,4.3,4.3,0.8,0.4,0.4,0.422,0.316,0.85,10.176999999999996,446,925084,available,0,
Noah Clowney,BKN,PF,46.0,22.7,9.1,3.9,0.9,0.5,0.5,0.358,0.333,0.838,10.139599999999994,447,591711,available,0,
Monte Morris,LAL,PG,45.0,12.7,5.2,1.5,1.6,0.4,0.1,0.426,0.36,0.857,10.121066666666668,448,583361,available,0,
Charles Bassey,SAS,C,36.0,10.4,4.4,4.2,0.5,0.4,0.8,0.581,0.0,0.636,9.987066666666664,449,558512,available,0,
Delon Wright,NYK,PG,14.0,16.4,4.3,1.4,2.1,0.9,0.2,0.469,0.333,0.667,9.920799999999996,450,567024,available,0,
DaQuan Jeffries,CHA,SG,47.0,22.8,6.7,2.9,1.1,0.6,0.5,0.405,0.335,0.8,9.886,451,320099,available,0,
Wendell Moore Jr.,CHA,SG,20.0,11.0,3.2,2.2,1.2,0.5,0.2,0.46,0.286,0.929,9.747333333333332,452,713497,available,0,
Jake LaRavia,SAC,PF,19.0,19.3,6.1,2.8,1.3,0.9,0.2,0.438,0.385,0.579,9.737033333333333,453,782375,available,0,
David Roddy,HOU,PF,33.0,12.4,4.6,2.5,1.1,0.4,0.3,0.456,0.311,0.769,9.7256,454,643469,available,0,
Jaylen Martin,WAS,SF,16.0,14.9,4.9,2.8,1.1,0.6,0.0,0.419,0.304,0.9,9.698499999999996,455,101244,available,0,
Marvin Bagley III,MEM,C,19.0,8.7,4.9,2.9,0.4,0.4,0.3,0.535,0.2,0.652,9.6039,456,666699,available,0,
Terrence Shannon Jr.,MIN,SG,32.0,10.6,4.3,1.5,1.0,0.2,0.2,0.482,0.355,0.81,9.541999999999996,457,501751,available,0,
Vince Williams Jr.,MEM,SG,27.0,18.5,6.6,3.6,2.0,0.4,0.3,0.401,0.274,0.792,9.4895,458,911944,available,0,
Cam Spencer,MEM,SG,25.0,10.1,4.2,1.2,1.4,0.4,0.0,0.415,0.365,1.0,9.478666666666664,459,760424,available,0,
Kevin Love,MIA,PF,23.0,10.9,5.3,4.1,1.0,0.7,0.2,0.357,0.358,0.696,9.453233333333328,460,616249,available,0,
Vasilije Micić,CHO,PG,36.0,21.2,7.5,2.4,3.5,0.4,0.0,0.348,0.36,0.829,9.424133333333328,461,555226,available,0,
Gui Santos,GSW,PF,56.0,13.6,4.1,3.1,1.4,0.4,0.2,0.458,0.33,0.69,9.385333333333328,462,703803,available,0,
DeAndre Jordan,DEN,C,56.0,12.3,3.7,5.1,0.9,0.3,0.5,0.65,0.0,0.422,9.269099999999998,463,632386,available,0,
Jalen Pickett,DEN,SG,49.0,13.6,4.1,1.4,2.2,0.4,0.1,0.428,0.396,0.75,9.197333333333331,464,748577,available,0,
Dominick Barlow,ATL,SF,35.0,10.7,4.2,2.4,0.5,0.3,0.5,0.531,0.259,0.636,9.152866666666668,465,646020,available,0,
Simone Fontecchio,DET,SF,75.0,16.5,5.9,2.9,0.9,0.4,0.2,0.402,0.335,0.833,9.1145,466,622521,available,0,
Dalen Terry,CHI,SG,73.0,13.5,4.5,1.7,1.3,0.6,0.2,0.448,0.356,0.71,8.977499999999997,467,44767,available,0,
Jalen Hood-Schifino,PHI,SG,13.0,23.2,7.8,2.0,2.8,0.4,0.5,0.371,0.304,0.842,8.910399999999994,468,230403,available,0,
Malaki Branham,SAS,SG,47.0,9.1,5.0,1.1,0.8,0.2,0.0,0.458,0.405,0.818,8.860133333333334,469,564915,available,0,
Jalen Hood-Schifino,PHI,SG,15.0,21.0,7.1,1.8,2.5,0.3,0.5,0.378,0.304,0.857,8.801999999999998,470,230403,available,0,
Maxwell Lewis,BKN,SF,21.0,14.2,5.3,2.5,0.8,0.4,0.3,0.422,0.38,0.7,8.783666666666663,471,431615,available,0,
Julian Phillips,CHI,SF,79.0,14.2,4.6,2.1,0.5,0.5,0.3,0.446,0.327,0.789,8.599133333333333,472,650881,available,0,
Isaiah Wong,CHO,SG,20.0,13.3,6.0,1.6,1.4,0.6,0.0,0.39,0.394,0.735,8.539333333333332,473,211822,available,0,
Colby Jones,WAS,SG,39.0,13.2,4.0,2.2,1.1,0.7,0.3,0.457,0.327,0.657,8.4784,474,111025,available,0,
Kai Jones,DAL,C,28.0,7.4,2.2,1.6,0.4,0.2,0.5,0.722,0.0,0.75,8.435666666666666,475,622179,available,0,
AJ Johnson,WAS,SG,22.0,27.0,9.1,2.4,3.1,0.5,0.1,0.381,0.247,0.886,8.422,476,988827,available,0,
Vasilije Micić,2TM,PG,41.0,19.1,6.6,2.2,3.1,0.4,0.0,0.348,0.36,0.829,8.417733333333329,477,555226,available,0,
Duop Reath,POR,C,46.0,10.2,4.2,2.0,0.6,0.3,0.3,0.422,0.321,0.909,8.4058,478,117958,available,0,
Lester Quiñones,2TM,SG,13.0,14.1,6.6,1.5,1.8,0.2,0.2,0.397,0.295,0.846,8.389599999999998,479,560282,available,0,
Jae'Sean Tate,HOU,SF,52.0,11.3,3.6,2.3,0.9,0.5,0.1,0.473,0.348,0.681,8.372466666666664,480,616640,available,0,
Marcus Bagley,MEM,SF,10.0,25.3,6.7,7.0,1.0,0.9,1.2,0.391,0.156,0.8,8.352499999999996,481,970610,available,0,
Landry Shamet,NYK,SG,50.0,15.2,5.7,1.2,0.5,0.5,0.0,0.461,0.397,0.667,8.280400000000002,482,218179,available,0,
Caleb Houstan,ORL,SF,58.0,13.6,4.1,1.3,0.6,0.4,0.1,0.421,0.4,0.882,8.245866666666666,483,346513,available,0,
Branden Carlson,OKC,C,32.0,7.7,3.8,1.7,0.4,0.2,0.7,0.443,0.333,0.778,8.149266666666666,484,582688,available,0,
Trevelin Queen,ORL,SG,31.0,13.9,4.9,1.7,1.2,1.0,0.3,0.381,0.286,0.857,7.988133333333332,485,982569,available,0,
Torrey Craig,BOS,SF,26.0,12.1,4.2,2.8,0.7,0.3,0.5,0.422,0.364,0.667,7.888199999999998,486,252025,available,0,
GG Jackson II,DAL,PF,29.0,15.8,7.2,3.2,1.0,0.4,0.2,0.372,0.337,0.725,7.835666666666664,487,13481,available,0,
AJ Johnson,WAS,SG,29.0,22.0,7.6,2.0,2.6,0.4,0.1,0.385,0.267,0.865,7.810000000000002,488,988827,available,0,
Andre Jackson Jr.,MIL,SG,67.0,14.6,3.4,2.7,1.2,0.5,0.2,0.477,0.395,0.5,7.765999999999999,489,221796,available,0,
Zeke Nnaji,DEN,PF,57.0,10.7,3.2,1.6,0.4,0.4,0.7,0.496,0.327,0.614,7.671799999999998,490,174900,available,0,
KJ Martin,UTA,SF,19.0,22.7,6.3,2.8,1.5,0.3,0.3,0.49,0.189,0.722,7.6263999999999985,491,43077,available,0,
Lamar Stevens,MEM,PF,17.0,9.1,4.4,2.2,0.5,0.3,0.2,0.46,0.296,0.727,7.609533333333333,492,381033,available,0,
Marvin Bagley III,MEM,PF,31.0,8.5,4.4,2.7,0.4,0.3,0.3,0.519,0.158,0.657,7.592000000000001,493,666699,available,0,
Jamal Cain,NOP,SF,37.0,13.6,5.3,2.3,0.6,0.6,0.2,0.43,0.325,0.68,7.506666666666664,494,301380,available,0,
Oso Ighodaro,PHX,PF,61.0,17.1,4.2,3.6,1.2,0.5,0.5,0.604,0.0,0.58,7.420499999999995,495,645592,available,0,
Colin Castleton,TOR,C,26.0,16.6,4.7,4.7,1.1,0.3,0.4,0.469,0.125,0.763,7.389133333333329,496,177652,available,0,
Shake Milton,LAL,SG,30.0,11.5,3.9,1.8,1.3,0.3,0.1,0.433,0.294,0.846,7.3815,497,284062,available,0,
Jaylon Tyson,CLE,SG,47.0,9.6,3.6,2.0,0.9,0.3,0.1,0.43,0.345,0.792,7.225199999999999,498,489409,available,0,
Ricky Council IV,PHI,SF,73.0,17.1,7.3,2.9,1.3,0.4,0.2,0.382,0.258,0.804,7.159899999999998,499,16536,available,0,
Bruno Fernando,TOR,C,17.0,8.6,3.4,3.0,1.1,0.2,0.5,0.531,0.0,0.75,7.152333333333332,500,362622,available,0,
Pelle Larsson,MIA,SG,55.0,14.2,4.6,1.7,1.2,0.6,0.1,0.438,0.337,0.672,7.065733333333332,501,476510,available,0,
Josh Minott,MIN,SF,46.0,6.0,2.6,1.0,0.4,0.3,0.3,0.489,0.326,0.895,6.98,502,495335,available,0,
Maxwell Lewis,BKN,SF,28.0,11.7,4.1,2.0,0.7,0.3,0.3,0.417,0.38,0.7,6.834499999999998,503,431615,available,0,
Ousmane Dieng,OKC,C,37.0,10.9,3.8,2.2,0.8,0.5,0.2,0.432,0.324,0.688,6.793366666666664,504,528678,available,0,
Bismack Biyombo,SAS,C,28.0,18.9,5.1,5.6,1.1,0.6,0.8,0.588,0.0,0.4,6.739499999999996,505,905793,available,0,
Kylor Kelley,2TM,C,11.0,11.5,3.1,3.5,0.5,0.1,0.3,0.636,0.0,0.6,6.739166666666668,506,568869,available,0,
KJ Simpson,CHA,PG,36.0,23.4,7.8,3.0,3.1,0.9,0.2,0.346,0.254,0.82,6.674999999999994,507,582732,available,0,
Cory Joseph,ORL,PG,50.0,12.2,3.5,1.5,1.4,0.5,0.1,0.403,0.364,0.778,6.633933333333333,508,837910,available,0,
Dariq Whitehead,BKN,SF,20.0,12.3,5.7,1.5,0.6,0.3,0.1,0.406,0.446,0.6,6.627500000000001,509,838899,available,0,
Reggie Jackson,GSW,PG,31.0,12.4,4.4,1.4,1.5,0.5,0.1,0.391,0.338,0.778,6.488533333333335,510,104157,available,0,
Jericho Sims,MIL,C,53.0,11.9,1.8,3.7,0.6,0.2,0.4,0.634,0.0,0.615,6.441000000000002,511,334041,available,0,
Elfrid Payton,NOP,PG,18.0,21.6,4.4,3.7,8.1,1.0,0.4,0.366,0.167,0.571,6.419599999999992,512,38218,available,0,
Patty Mills,LAC,PG,12.0,5.1,3.1,0.1,0.4,0.1,0.0,0.5,0.5,0.889,6.4184,513,243025,available,0,
Reed Sheppard,HOU,PG,52.0,12.6,4.4,1.5,1.4,0.7,0.3,0.351,0.338,0.813,6.360799999999999,514,69936,available,0,
Gabe Vincent,LAL,PG,72.0,21.2,6.4,1.3,1.4,0.7,0.2,0.4,0.353,0.714,6.343466666666664,515,102978,available,0,
Dean Wade,CLE,PF,59.0,21.2,5.4,4.2,1.3,0.7,0.3,0.413,0.36,0.533,6.302266666666663,516,525794,available,0,
Kyle Lowry,PHI,PG,35.0,18.8,3.9,1.9,2.7,0.9,0.3,0.35,0.33,0.818,6.241066666666662,517,731466,available,0,
Ryan Dunn,PHX,SF,74.0,19.1,6.9,3.6,0.8,0.6,0.5,0.43,0.311,0.487,6.176366666666667,518,988525,available,0,
Tyler Smith,MIL,PF,23.0,5.3,2.9,1.1,0.2,0.1,0.2,0.48,0.433,0.75,6.126666666666666,519,308377,available,0,
RayJ Dennis,IND,PG,11.0,6.4,2.7,1.1,1.3,0.6,0.2,0.333,0.286,1.0,6.1193333333333335,520,322748,available,0,
Kevin Knox,GSW,SF,14.0,6.0,3.3,1.2,0.4,0.1,0.3,0.5,0.267,0.75,6.079999999999998,521,782232,available,0,
Rob Dillingham,MIN,PG,49.0,10.5,4.5,1.0,2.0,0.4,0.0,0.441,0.338,0.533,5.993999999999999,522,75808,available,0,
Steven Adams,HOU,C,58.0,13.7,3.9,5.6,1.1,0.4,0.5,0.545,0.0,0.462,5.932566666666668,523,741160,available,0,
Christian Koloko,LAL,C,37.0,9.2,2.4,2.5,0.4,0.2,0.4,0.606,0.0,0.714,5.920133333333332,524,160605,available,0,
Jevon Carter,CHI,PG,36.0,8.9,4.3,1.1,1.1,0.4,0.1,0.377,0.333,0.8,5.862666666666667,525,371312,available,0,
Luka Garza,MIN,C,39.0,5.6,3.5,1.4,0.3,0.2,0.1,0.495,0.278,0.686,5.751600000000001,526,728657,available,0,
Patty Mills,LAC,PG,17.0,15.3,4.4,1.2,1.2,0.7,0.2,0.342,0.298,1.0,5.724499999999997,527,243025,available,0,
Blake Wesley,SAS,SG,58.0,11.8,3.7,1.1,2.0,0.6,0.1,0.435,0.293,0.623,5.671399999999998,528,844335,available,0,
Patty Mills,LAC,PG,29.0,11.1,3.8,0.8,0.9,0.4,0.1,0.375,0.347,0.929,5.600899999999999,529,243025,available,0,
Lindy Waters III,DET,SG,38.0,17.2,5.5,2.5,1.1,0.6,0.3,0.371,0.331,0.727,5.574399999999998,530,940066,available,0,
Jordan Miller,LAC,SF,37.0,11.4,4.1,1.6,0.9,0.5,0.1,0.433,0.211,0.8,5.2559999999999985,531,326963,available,0,
Jordan McLaughlin,SAS,PG,46.0,6.8,2.1,0.7,1.1,0.3,0.0,0.431,0.413,0.773,5.215733333333333,532,227365,available,0,
Alex Ducas,OKC,SG,21.0,6.0,1.7,1.2,0.2,0.2,0.0,0.4,0.476,1.0,5.169999999999999,533,672381,available,0,
JT Thor,WAS,PF,20.0,12.5,3.6,2.4,0.3,0.4,0.5,0.424,0.286,0.682,5.050833333333332,534,984557,available,0,
Drew Eubanks,LAC,C,24.0,7.4,2.7,2.4,0.4,0.1,0.3,0.551,0.0,0.786,5.044066666666667,535,381760,available,0,
Ben Simmons,LAC,PG,18.0,16.4,2.9,3.8,3.1,0.7,0.4,0.434,0.0,0.857,5.001466666666665,536,514868,available,0,
Lindy Waters III,DET,SG,52.0,15.0,4.9,2.1,1.0,0.5,0.2,0.369,0.344,0.727,4.899999999999997,537,940066,available,0,
Drew Peterson,BOS,PF,25.0,7.4,2.2,1.6,0.5,0.2,0.1,0.415,0.394,0.778,4.879533333333333,538,639786,available,0,
Jericho Sims,MIL,C,39.0,10.8,1.6,3.3,0.6,0.2,0.3,0.609,0.0,0.615,4.791999999999996,539,334041,available,0,
Ariel Hukporti,NYK,C,25.0,8.7,1.9,2.0,0.4,0.0,0.6,0.677,0.0,0.462,4.788900000000002,540,654508,available,0,
Kobe Bufkin,ATL,SG,10.0,12.4,5.3,2.1,1.7,0.3,0.2,0.383,0.211,0.722,4.578800000000001,541,635406,available,0,
Alex Len,LAL,C,36.0,7.2,1.4,1.8,0.8,0.2,0.5,0.537,0.167,0.538,4.4696,542,174237,available,0,
Marvin Bagley III,MEM,PF,12.0,8.3,3.6,2.3,0.3,0.2,0.3,0.486,0.111,0.667,4.439433333333334,543,666699,available,0,
Damion Baugh,CHA,SG,15.0,24.7,7.3,3.3,3.7,1.0,0.1,0.323,0.214,0.867,4.351400000000001,544,656901,available,0,
Anthony Gill,WAS,PF,51.0,7.8,2.5,1.3,0.3,0.2,0.0,0.489,0.323,0.66,4.252000000000001,545,274188,available,0,
Pat Spencer,GSW,PG,39.0,6.4,2.5,1.2,1.2,0.4,0.1,0.406,0.227,0.733,4.2085333333333335,546,997762,available,0,
Jaden Springer,UTA,PG,17.0,13.2,3.8,2.0,1.4,0.7,0.2,0.411,0.207,0.706,4.1711999999999945,547,156828,available,0,
Alex Len,LAL,C,46.0,8.3,1.6,2.1,0.8,0.2,0.5,0.508,0.222,0.471,4.066799999999999,548,174237,available,0,
Baylor Scheierman,BOS,SG,31.0,12.4,3.6,2.1,1.1,0.5,0.1,0.355,0.317,0.75,3.659333333333332,549,596270,available,0,
Kobe Brown,LAC,PF,40.0,6.8,1.9,1.6,0.6,0.2,0.1,0.458,0.231,0.714,3.4938666666666665,550,548214,available,0,
Johnny Furphy,IND,SG,50.0,7.6,2.1,1.4,0.4,0.4,0.2,0.38,0.3,0.818,3.492133333333334,551,840944,available,0,
Olivier-Maxence Prosper,DAL,PF,52.0,11.2,3.9,2.4,0.8,0.5,0.1,0.402,0.235,0.645,3.489333333333335,552,946676,available,0,
Pete Nance,MIL,C,13.0,10.6,2.9,1.6,0.8,0.2,0.2,0.438,0.375,0.5,3.474666666666667,553,556736,available,0,
Rayan Rupert,POR,SG,52.0,8.8,3.0,1.3,0.5,0.3,0.1,0.408,0.271,0.767,3.3449333333333326,554,20450,available,0,
Damion Lee,PHX,SG,25.0,5.8,3.3,0.8,0.4,0.2,0.0,0.365,0.243,0.952,3.3449333333333313,555,180326,available,0,
Caleb Martin,DAL,SF,14.0,19.6,5.4,2.9,1.9,0.9,0.2,0.389,0.25,0.625,3.2699999999999956,556,470286,available,0,
Devin Carter,SAC,PG,36.0,11.0,3.8,2.1,1.1,0.6,0.1,0.37,0.295,0.591,3.224333333333332,557,240376,available,0,
Trey Jemison,LAL,C,22.0,10.3,2.6,2.8,0.3,0.1,0.4,0.619,0.0,0.417,3.1925999999999983,558,682476,available,0,
Dario Šarić,DEN,C,16.0,13.1,3.5,3.1,1.4,0.4,0.1,0.362,0.269,0.7,3.178333333333332,559,272194,available,0,
Doug McDermott,SAC,SF,42.0,8.1,3.5,0.5,0.2,0.1,0.0,0.427,0.436,0.6,3.1744999999999983,560,760900,available,0,
Jeenathan Williams,CHI,SG,20.0,7.4,3.3,0.7,0.5,0.4,0.2,0.435,0.231,0.625,3.1503333333333323,561,551793,available,0,
Jaden Springer,UTA,PG,43.0,8.5,2.5,1.3,0.8,0.6,0.1,0.389,0.25,0.711,2.991,562,156828,available,0,
Jordan McLaughlin,SAS,PG,28.0,6.8,1.9,0.8,0.9,0.4,0.0,0.364,0.385,0.688,2.721733333333333,563,227365,available,0,
Hunter Tyson,DEN,PF,51.0,7.8,2.6,1.5,0.4,0.2,0.1,0.375,0.311,0.75,2.6239999999999988,564,360814,available,0,
Torrey Craig,BOS,SF,17.0,11.8,2.7,2.8,0.7,0.4,0.6,0.356,0.29,0.625,2.518666666666663,565,252025,available,0,
Tyler Kolek,NYK,PG,41.0,7.2,2.0,0.7,1.7,0.3,0.1,0.329,0.298,0.765,2.4139999999999984,566,205123,available,0,
Jett Howard,ORL,SF,60.0,11.7,4.5,1.2,0.7,0.2,0.2,0.374,0.296,0.696,2.3126999999999978,567,505256,available,0,
Maxi Kleber,LAL,PF,34.0,18.7,3.0,2.8,1.3,0.3,0.5,0.385,0.265,0.762,2.270066666666666,568,175308,available,0,
Jaden Springer,UTA,SG,26.0,5.4,1.7,0.9,0.4,0.5,0.0,0.353,0.316,0.714,2.0666,569,156828,available,0,
Johnny Davis,DAL,SG,34.0,7.1,2.4,1.1,0.3,0.4,0.2,0.41,0.241,0.6,1.9229999999999992,570,296624,available,0,
Tidjane Salaün,CHA,PF,60.0,20.7,5.9,4.7,1.2,0.5,0.2,0.33,0.283,0.713,1.909099999999999,571,848282,available,0,
Dillon Jones,OKC,SF,54.0,10.2,2.5,2.2,1.1,0.3,0.1,0.383,0.254,0.607,1.550400000000001,572,32661,available,0,
JD Davison,BOS,PG,16.0,5.8,2.1,0.8,0.8,0.3,0.1,0.353,0.222,0.714,1.5295333333333323,573,132837,available,0,
Jericho Sims,MIL,C,14.0,15.0,2.4,4.9,0.8,0.1,0.6,0.68,0.0,0.0,1.5050000000000043,574,334041,available,0,
Garrett Temple,TOR,SG,28.0,8.1,1.9,1.0,1.1,0.6,0.1,0.3,0.214,0.917,1.4662,575,337142,available,0,
Javonte Green,CLE,SG,18.0,9.2,3.3,2.2,0.6,0.6,0.1,0.365,0.242,0.5,1.4113333333333338,576,669602,available,0,
Cam Reddish,LAL,SF,33.0,17.8,3.2,2.0,0.7,1.0,0.3,0.404,0.277,0.615,1.382999999999999,577,988585,available,0,
Bronny James,LAL,SG,27.0,6.7,2.3,0.7,0.8,0.3,0.1,0.313,0.281,0.786,1.2475333333333332,578,499186,available,0,
Elfrid Payton,NOP,PG,24.0,21.3,3.5,3.3,6.9,1.0,0.5,0.328,0.167,0.571,1.1022999999999978,579,38218,available,0,
Cody Martin,PHX,SF,14.0,14.7,3.7,3.4,1.1,0.9,0.4,0.351,0.111,0.75,1.079999999999996,580,849143,available,0,
Trey Jemison,LAL,C,38.0,10.3,2.5,2.8,0.4,0.2,0.4,0.554,0.0,0.394,1.0740333333333307,581,682476,available,0,
Markieff Morris,LAL,PF,15.0,11.0,3.7,1.5,1.4,0.1,0.2,0.3,0.25,0.833,0.9246666666666652,582,452783,available,0,
Alex Len,LAL,C,10.0,12.2,2.2,3.1,0.8,0.1,0.3,0.455,0.333,0.25,0.7966666666666677,583,174237,available,0,
Gary Harris,ORL,SG,48.0,14.8,3.0,1.3,0.6,0.5,0.3,0.383,0.356,0.583,0.6770666666666663,584,412225,available,0,
Kris Murray,POR,SF,69.0,15.1,4.2,2.6,1.0,0.5,0.2,0.419,0.225,0.456,0.188933333333332,585,554247,available,0,
Pacome Dadiet,NYK,SG,18.0,6.2,1.7,1.0,0.3,0.2,0.1,0.323,0.316,0.667,0.1084000000000001,586,832264,available,0,
Sidy Cissoko,POR,SF,22.0,5.2,1.5,1.0,0.7,0.1,0.0,0.433,0.231,0.333,0.0095999999999989,587,962934,available,0,
Tristan Thompson,CLE,C,40.0,8.2,1.7,3.4,0.6,0.1,0.3,0.437,0.0,0.233,0.0,588,191597,available,0,
Justin Minaya,POR,SF,19.0,5.3,0.9,0.5,0.4,0.3,0.1,0.381,0.2,0.0,0.0,589,792314,available,0,
Luke Travers,CLE,SG,12.0,7.3,1.0,1.7,0.7,0.1,0.1,0.25,0.0,1.0,0.0,590,739948,available,0,
Spencer Jones,DEN,SF,20.0,6.3,1.3,0.9,0.3,0.3,0.3,0.324,0.059,1.0,0.0,591,810549,available,0,
Xavier Tillman Sr.,BOS,C,33.0,7.0,1.0,1.3,0.2,0.3,0.2,0.245,0.156,0.75,0.0,592,556834,available,0,
Cole Swider,2TM,SF,10.0,16.9,5.9,2.7,0.3,0.4,0.2,0.349,0.319,0.0,0.0,593,858258,available,0,
Jordan Walsh,BOS,PF,52.0,7.8,1.6,1.3,0.4,0.2,0.2,0.361,0.273,0.583,0.0,594,218359,available,0,
Chris Livingston,MIL,SF,21.0,5.0,1.4,1.7,0.2,0.2,0.0,0.333,0.0,0.75,0.0,595,37630,available,0,
Colby Jones,WAS,SG,24.0,5.4,1.1,1.0,0.3,0.3,0.3,0.423,0.4,0.0,0.0,596,111025,available,0,
Cody Williams,UTA,SG,50.0,21.2,4.6,2.3,1.2,0.5,0.3,0.323,0.259,0.725,0.0,597,707957,available,0,
Adam Flagler,OKC,SG,37.0,5.5,1.8,0.7,0.3,0.2,0.1,0.26,0.194,0.5,0.0,598,801836,available,0,
Vlatko Čančar,DEN,PF,13.0,10.5,1.8,2.5,0.7,0.2,0.2,0.385,0.267,0.0,0.0,599,132619,available,0,
Emoni Bates,CLE,SF,10.0,7.5,3.7,0.7,0.8,0.1,0.1,0.342,0.367,0.0,0.0,600,476756,available,0,
JT Thor,WAS,PF,11.0,18.8,3.9,3.8,0.5,0.5,0.5,0.364,0.2,0.571,0.0,601,984557,available,0,
Enrique Freeman,IND,PF,22.0,8.2,2.1,1.4,0.4,0.1,0.1,0.432,0.1,0.684,0.0,602,572676,available,0,
Elijah Harkless,UTA,SG,10.0,13.8,3.2,2.1,0.8,1.0,0.1,0.314,0.28,0.5,0.0,603,130139,available,0,
Delon Wright,NYK,PG,40.0,15.9,3.1,1.7,1.9,0.9,0.3,0.344,0.274,0.6,0.0,604,567024,available,0,
TyTy Washington Jr.,PHX,PG,16.0,7.4,2.2,0.8,1.0,0.2,0.0,0.311,0.19,0.5,0.0,605,603076,available,0,
Delon Wright,NYK,PG,26.0,15.6,2.5,1.8,1.8,0.9,0.3,0.268,0.245,0.563,0.0,606,567024,available,0,
Lindy Waters III,DET,SG,14.0,8.8,3.4,1.0,0.7,0.4,0.1,0.364,0.395,0.0,0.0,607,940066,available,0,
Reece Beekman,BKN,PG,36.0,13.0,2.6,1.1,1.8,0.9,0.1,0.327,0.175,0.762,0.0,608,310062,available,0,
Reece Beekman,BKN,PG,34.0,13.7,2.7,1.1,1.8,0.9,0.1,0.321,0.175,0.762,0.0,609,310062,available,0,
Trey Jemison,LAL,C,16.0,10.4,2.4,2.8,0.6,0.4,0.4,0.469,0.0,0.381,0.0,610,682476,available,0,
Joe Ingles,MIN,SF,19.0,6.0,0.8,0.6,1.2,0.1,0.0,0.261,0.2,0.0,0.0,611,225215,available,0,
